X,Y,DHSID,DHSCC,DHSYEAR,DHSCLUST,CCFIPS,ADM1FIPS,ADM1FIPSNA,ADM1SALBNA,ADM1SALBCO,ADM1DHS,ADM1NAME,DHSREGCO,DHSREGNA,SOURCE,URBAN_RURA,LATNUM,LONGNUM,ALT_GPS,ALT_DEM,DATUM
29.684726,-2.532818,RW201000000001,RW,2010.000000,1.000000,RW,RW15,Southern,NULL,NULL,2.000000,South,7.000000,Huye,GPS,R,-2.532818,29.684726,1706.000000,1702.000000,WGS84
30.310689,-1.833858,RW201000000002,RW,2010.000000,2.000000,RW,RW11,Eastern,NULL,NULL,5.000000,East,26.000000,Gatsibo,GPS,R,-1.833858,30.310689,1631.000000,1631.000000,WGS84
29.478298,-1.888155,RW201000000003,RW,2010.000000,3.000000,RW,RW14,Western,NULL,NULL,3.000000,West,16.000000,Ngororero,GPS,R,-1.888155,29.478298,2310.000000,2324.000000,WGS84
30.521692,-2.366763,RW201000000004,RW,2010.000000,4.000000,RW,RW11,Eastern,NULL,NULL,5.000000,East,28.000000,Kirehe,GPS,R,-2.366763,30.521692,1388.000000,1399.000000,WGS84
30.018541,-2.171266,RW201000000005,RW,2010.000000,5.000000,RW,RW11,Eastern,NULL,NULL,5.000000,East,30.000000,Bugesera,GPS,R,-2.171266,30.018541,1437.000000,1445.000000,WGS84
30.114591,-2.036917,RW201000000006,RW,2010.000000,6.000000,RW,RW12,Kigali City,NULL,NULL,1.000000,Kigali City,3.000000,Kicukiro,GPS,U,-2.036917,30.114591,1392.000000,1392.000000,WGS84
29.799135,-1.768636,RW201000000007,RW,2010.000000,7.000000,RW,RW13,Northern,NULL,NULL,4.000000,North,20.000000,Gakenke,GPS,R,-1.768636,29.799135,1560.000000,1549.000000,WGS84
29.967649,-1.769425,RW201000000008,RW,2010.000000,8.000000,RW,RW13,Northern,NULL,NULL,4.000000,North,19.000000,Rulindo,GPS,R,-1.769425,29.967649,1911.000000,1901.000000,WGS84
30.111135,-1.974834,RW201000000009,RW,2010.000000,9.000000,RW,RW12,Kigali City,NULL,NULL,1.000000,Kigali City,3.000000,Kicukiro,GPS,U,-1.974834,30.111135,1428.000000,1424.000000,WGS84
30.310015,-2.038221,RW201000000010,RW,2010.000000,10.000000,RW,RW11,Eastern,NULL,NULL,5.000000,East,24.000000,Rwamagana,GPS,R,-2.038221,30.310015,1475.000000,1471.000000,WGS84
30.651838,-2.021018,RW201000000011,RW,2010.000000,11.000000,RW,RW11,Eastern,NULL,NULL,5.000000,East,27.000000,Kayonza,GPS,R,-2.021018,30.651838,1666.000000,1659.000000,WGS84
29.921206,-2.212707,RW201000000012,RW,2010.000000,12.000000,RW,RW15,Southern,NULL,NULL,2.000000,South,9.000000,Ruhango,GPS,R,-2.212707,29.921206,1479.000000,1469.000000,WGS84
29.413435,-2.22724,RW201000000013,RW,2010.000000,13.000000,RW,RW14,Western,NULL,NULL,3.000000,West,12.000000,Karongi,GPS,R,-2.227240,29.413435,1923.000000,1919.000000,WGS84
29.512758,-1.912341,RW201000000014,RW,2010.000000,14.000000,RW,RW14,Western,NULL,NULL,3.000000,West,16.000000,Ngororero,GPS,R,-1.912341,29.512758,2322.000000,2318.000000,WGS84
29.631617,-1.997883,RW201000000015,RW,2010.000000,15.000000,RW,RW14,Western,NULL,NULL,3.000000,West,16.000000,Ngororero,GPS,R,-1.997883,29.631617,1590.000000,1622.000000,WGS84
30.824889,-2.072847,RW201000000016,RW,2010.000000,16.000000,RW,RW11,Eastern,NULL,NULL,5.000000,East,28.000000,Kirehe,GPS,R,-2.072847,30.824889,1483.000000,1469.000000,WGS84
29.813837,-2.116178,RW201000000017,RW,2010.000000,17.000000,RW,RW15,Southern,NULL,NULL,2.000000,South,9.000000,Ruhango,GPS,R,-2.116178,29.813837,1746.000000,1734.000000,WGS84
29.555812,-1.719926,RW201000000018,RW,2010.000000,18.000000,RW,RW14,Western,NULL,NULL,3.000000,West,15.000000,Nyabihu,GPS,R,-1.719926,29.555812,2203.000000,2221.000000,WGS84
30.012104,-2.193395,RW201000000019,RW,2010.000000,19.000000,RW,RW11,Eastern,NULL,NULL,5.000000,East,30.000000,Bugesera,GPS,R,-2.193395,30.012104,1379.000000,1383.000000,WGS84
29.704832,-2.372858,RW201000000020,RW,2010.000000,20.000000,RW,RW15,Southern,NULL,NULL,2.000000,South,4.000000,Nyanza,GPS,R,-2.372858,29.704832,1681.000000,1662.000000,WGS84
29.290962,-2.191645,RW201000000021,RW,2010.000000,21.000000,RW,RW14,Western,NULL,NULL,3.000000,West,12.000000,Karongi,GPS,R,-2.191645,29.290962,1765.000000,1741.000000,WGS84
29.815544,-2.267461,RW201000000022,RW,2010.000000,22.000000,RW,RW15,Southern,NULL,NULL,2.000000,South,4.000000,Nyanza,GPS,R,-2.267461,29.815544,1586.000000,1604.000000,WGS84
30.124576,-1.984298,RW201000000023,RW,2010.000000,23.000000,RW,RW12,Kigali City,NULL,NULL,1.000000,Kigali City,3.000000,Kicukiro,GPS,U,-1.984298,30.124576,1435.000000,1429.000000,WGS84
29.322453,-1.640578,RW201000000024,RW,2010.000000,24.000000,RW,RW14,Western,NULL,NULL,3.000000,West,14.000000,Rubavu,GPS,R,-1.640578,29.322453,2102.000000,2104.000000,WGS84
29.73784,-1.41364,RW201000000025,RW,2010.000000,25.000000,RW,RW13,Northern,NULL,NULL,4.000000,North,22.000000,Burera,GPS,R,-1.413640,29.737840,2017.000000,2013.000000,WGS84
30.414937,-1.355377,RW201000000026,RW,2010.000000,26.000000,RW,RW11,Eastern,NULL,NULL,5.000000,East,25.000000,Nyagatare,GPS,R,-1.355377,30.414937,1386.000000,1390.000000,WGS84
29.35863,-1.670937,RW201000000027,RW,2010.000000,27.000000,RW,RW14,Western,NULL,NULL,3.000000,West,14.000000,Rubavu,GPS,R,-1.670937,29.358630,2081.000000,2094.000000,WGS84
29.618431,-1.64984,RW201000000028,RW,2010.000000,28.000000,RW,RW14,Western,NULL,NULL,3.000000,West,15.000000,Nyabihu,GPS,R,-1.649840,29.618431,2335.000000,2327.000000,WGS84
30.056542,-1.957099,RW201000000029,RW,2010.000000,29.000000,RW,RW12,Kigali City,NULL,NULL,1.000000,Kigali City,1.000000,Nyarugenge,GPS,U,-1.957099,30.056542,1538.000000,1526.000000,WGS84
30.391795,-1.65317,RW201000000030,RW,2010.000000,30.000000,RW,RW11,Eastern,NULL,NULL,5.000000,East,26.000000,Gatsibo,GPS,R,-1.653170,30.391795,1426.000000,1424.000000,WGS84
29.606201,-1.928112,RW201000000031,RW,2010.000000,31.000000,RW,RW14,Western,NULL,NULL,3.000000,West,16.000000,Ngororero,GPS,R,-1.928112,29.606201,1911.000000,1905.000000,WGS84
30.195201,-1.807319,RW201000000032,RW,2010.000000,32.000000,RW,RW13,Northern,NULL,NULL,4.000000,North,23.000000,Gicumbi,GPS,R,-1.807319,30.195201,1700.000000,1691.000000,WGS84
30.288849,-1.860849,RW201000000033,RW,2010.000000,33.000000,RW,RW11,Eastern,NULL,NULL,5.000000,East,24.000000,Rwamagana,GPS,R,-1.860849,30.288849,1486.000000,1472.000000,WGS84
29.383047,-1.59673,RW201000000034,RW,2010.000000,34.000000,RW,RW14,Western,NULL,NULL,3.000000,West,14.000000,Rubavu,GPS,R,-1.596730,29.383047,2344.000000,2343.000000,WGS84
30.545879,-2.243706,RW201000000035,RW,2010.000000,35.000000,RW,RW11,Eastern,NULL,NULL,5.000000,East,29.000000,Ngoma,GPS,R,-2.243706,30.545879,1573.000000,1575.000000,WGS84
30.295583,-1.429948,RW201000000036,RW,2010.000000,36.000000,RW,RW11,Eastern,NULL,NULL,5.000000,East,25.000000,Nyagatare,GPS,R,-1.429948,30.295583,1426.000000,1435.000000,WGS84
29.667567,-2.585717,RW201000000037,RW,2010.000000,37.000000,RW,RW15,Southern,NULL,NULL,2.000000,South,7.000000,Huye,GPS,R,-2.585717,29.667567,1817.000000,1823.000000,WGS84
30.414024,-1.224948,RW201000000038,RW,2010.000000,38.000000,RW,RW11,Eastern,NULL,NULL,5.000000,East,25.000000,Nyagatare,GPS,R,-1.224948,30.414024,1449.000000,1449.000000,WGS84
30.255418,-1.407318,RW201000000039,RW,2010.000000,39.000000,RW,RW11,Eastern,NULL,NULL,5.000000,East,25.000000,Nyagatare,GPS,R,-1.407318,30.255418,1455.000000,1455.000000,WGS84
29.625657,-2.644809,RW201000000040,RW,2010.000000,40.000000,RW,RW15,Southern,NULL,NULL,2.000000,South,6.000000,Nyaruguru,GPS,R,-2.644809,29.625657,1817.000000,1795.000000,WGS84
29.592663,-2.154319,RW201000000041,RW,2010.000000,41.000000,RW,RW14,Western,NULL,NULL,3.000000,West,12.000000,Karongi,GPS,R,-2.154319,29.592663,1618.000000,1617.000000,WGS84
30.591072,-2.119264,RW201000000042,RW,2010.000000,42.000000,RW,RW11,Eastern,NULL,NULL,5.000000,East,29.000000,Ngoma,GPS,U,-2.119264,30.591072,1686.000000,1687.000000,WGS84
29.490941,-2.65403,RW201000000043,RW,2010.000000,43.000000,RW,RW15,Southern,NULL,NULL,2.000000,South,6.000000,Nyaruguru,GPS,R,-2.654030,29.490941,1983.000000,1960.000000,WGS84
29.96173,-1.842713,RW201000000044,RW,2010.000000,44.000000,RW,RW13,Northern,NULL,NULL,4.000000,North,19.000000,Rulindo,GPS,R,-1.842713,29.961730,1497.000000,1516.000000,WGS84
30.134193,-1.635746,RW201000000045,RW,2010.000000,45.000000,RW,RW13,Northern,NULL,NULL,4.000000,North,23.000000,Gicumbi,GPS,R,-1.635746,30.134193,2039.000000,2011.000000,WGS84
30.091802,-1.981685,RW201000000046,RW,2010.000000,46.000000,RW,RW12,Kigali City,NULL,NULL,1.000000,Kigali City,3.000000,Kicukiro,GPS,U,-1.981685,30.091802,1457.000000,1470.000000,WGS84
29.442456,-2.766533,RW201000000047,RW,2010.000000,47.000000,RW,RW15,Southern,NULL,NULL,2.000000,South,6.000000,Nyaruguru,GPS,R,-2.766533,29.442456,2192.000000,2181.000000,WGS84
29.688088,-1.911204,RW201000000048,RW,2010.000000,48.000000,RW,RW15,Southern,NULL,NULL,2.000000,South,10.000000,Muhanga,GPS,R,-1.911204,29.688088,1581.000000,1584.000000,WGS84
29.310801,-1.820759,RW201000000049,RW,2010.000000,49.000000,RW,RW14,Western,NULL,NULL,3.000000,West,13.000000,Rutsiro,GPS,R,-1.820759,29.310801,1612.000000,1646.000000,WGS84
29.97244,-1.522252,RW201000000050,RW,2010.000000,50.000000,RW,RW13,Northern,NULL,NULL,4.000000,North,23.000000,Gicumbi,GPS,R,-1.522252,29.972440,2353.000000,2360.000000,WGS84
30.350218,-1.735648,RW201000000051,RW,2010.000000,51.000000,RW,RW11,Eastern,NULL,NULL,5.000000,East,26.000000,Gatsibo,GPS,R,-1.735648,30.350218,1592.000000,1599.000000,WGS84
30.078518,-1.896964,RW201000000052,RW,2010.000000,52.000000,RW,RW12,Kigali City,NULL,NULL,1.000000,Kigali City,2.000000,Gasabo,GPS,U,-1.896964,30.078518,1449.000000,1464.000000,WGS84
29.818389,-2.253763,RW201000000053,RW,2010.000000,53.000000,RW,RW15,Southern,NULL,NULL,2.000000,South,9.000000,Ruhango,GPS,U,-2.253763,29.818389,1543.000000,1542.000000,WGS84
29.488456,-2.660312,RW201000000054,RW,2010.000000,54.000000,RW,RW15,Southern,NULL,NULL,2.000000,South,6.000000,Nyaruguru,GPS,R,-2.660312,29.488456,1984.000000,1971.000000,WGS84
30.567216,-2.036321,RW201000000055,RW,2010.000000,55.000000,RW,RW11,Eastern,NULL,NULL,5.000000,East,27.000000,Kayonza,GPS,R,-2.036321,30.567216,1657.000000,1650.000000,WGS84
30.027642,-1.944695,RW201000000056,RW,2010.000000,56.000000,RW,RW12,Kigali City,NULL,NULL,1.000000,Kigali City,1.000000,Nyarugenge,GPS,U,-1.944695,30.027642,1395.000000,1402.000000,WGS84
30.117212,-1.941357,RW201000000057,RW,2010.000000,57.000000,RW,RW12,Kigali City,NULL,NULL,1.000000,Kigali City,2.000000,Gasabo,GPS,R,-1.941357,30.117212,1438.000000,1448.000000,WGS84
29.937149,-1.506785,RW201000000058,RW,2010.000000,58.000000,RW,RW13,Northern,NULL,NULL,4.000000,North,22.000000,Burera,GPS,R,-1.506785,29.937149,2284.000000,2293.000000,WGS84
30.446297,-1.724432,RW201000000059,RW,2010.000000,59.000000,RW,RW11,Eastern,NULL,NULL,5.000000,East,27.000000,Kayonza,GPS,R,-1.724432,30.446297,1376.000000,1381.000000,WGS84
29.265095,-1.680382,RW201000000060,RW,2010.000000,60.000000,RW,RW14,Western,NULL,NULL,3.000000,West,14.000000,Rubavu,GPS,R,-1.680382,29.265095,1529.000000,1526.000000,WGS84
30.130896,-2.384913,RW201000000061,RW,2010.000000,61.000000,RW,RW11,Eastern,NULL,NULL,5.000000,East,30.000000,Bugesera,GPS,R,-2.384913,30.130896,1442.000000,1440.000000,WGS84
30.03893,-1.663928,RW201000000062,RW,2010.000000,62.000000,RW,RW13,Northern,NULL,NULL,4.000000,North,19.000000,Rulindo,GPS,R,-1.663928,30.038930,2086.000000,2075.000000,WGS84
30.186242,-1.382059,RW201000000063,RW,2010.000000,63.000000,RW,RW11,Eastern,NULL,NULL,5.000000,East,25.000000,Nyagatare,GPS,R,-1.382059,30.186242,1464.000000,1472.000000,WGS84
30.188365,-1.464185,RW201000000064,RW,2010.000000,64.000000,RW,RW11,Eastern,NULL,NULL,5.000000,East,25.000000,Nyagatare,GPS,R,-1.464185,30.188365,1487.000000,1485.000000,WGS84
30.632707,-2.275269,RW201000000065,RW,2010.000000,65.000000,RW,RW11,Eastern,NULL,NULL,5.000000,East,28.000000,Kirehe,GPS,R,-2.275269,30.632707,1565.000000,1583.000000,WGS84
29.663306,-1.604421,RW201000000066,RW,2010.000000,66.000000,RW,RW13,Northern,NULL,NULL,4.000000,North,20.000000,Gakenke,GPS,R,-1.604421,29.663306,1793.000000,1780.000000,WGS84
29.29384,-1.69445,RW201000000067,RW,2010.000000,67.000000,RW,RW14,Western,NULL,NULL,3.000000,West,14.000000,Rubavu,GPS,R,-1.694450,29.293840,1843.000000,1818.000000,WGS84
30.061457,-1.40633,RW201000000068,RW,2010.000000,68.000000,RW,RW13,Northern,NULL,NULL,4.000000,North,23.000000,Gicumbi,GPS,R,-1.406330,30.061457,1957.000000,1960.000000,WGS84
29.520306,-2.619375,RW201000000069,RW,2010.000000,69.000000,RW,RW15,Southern,NULL,NULL,2.000000,South,6.000000,Nyaruguru,GPS,R,-2.619375,29.520306,1934.000000,1934.000000,WGS84
30.148305,-1.961753,RW201000000070,RW,2010.000000,70.000000,RW,RW12,Kigali City,NULL,NULL,1.000000,Kigali City,3.000000,Kicukiro,GPS,U,-1.961753,30.148305,1434.000000,1444.000000,WGS84
29.896194,-1.532891,RW201000000071,RW,2010.000000,71.000000,RW,RW13,Northern,NULL,NULL,4.000000,North,22.000000,Burera,GPS,R,-1.532891,29.896194,2119.000000,2114.000000,WGS84
29.300913,-1.677144,RW201000000072,RW,2010.000000,72.000000,RW,RW14,Western,NULL,NULL,3.000000,West,14.000000,Rubavu,GPS,U,-1.677144,29.300913,1724.000000,1717.000000,WGS84
29.393545,-1.525402,RW201000000073,RW,2010.000000,73.000000,RW,RW14,Western,NULL,NULL,3.000000,West,14.000000,Rubavu,GPS,R,-1.525402,29.393545,2153.000000,2156.000000,WGS84
29.750063,-1.699055,RW201000000074,RW,2010.000000,74.000000,RW,RW13,Northern,NULL,NULL,4.000000,North,20.000000,Gakenke,GPS,R,-1.699055,29.750063,1690.000000,1679.000000,WGS84
29.67166,-2.281564,RW201000000075,RW,2010.000000,75.000000,RW,RW15,Southern,NULL,NULL,2.000000,South,4.000000,Nyanza,GPS,R,-2.281564,29.671660,1835.000000,1824.000000,WGS84
30.114562,-1.984379,RW201000000076,RW,2010.000000,76.000000,RW,RW12,Kigali City,NULL,NULL,1.000000,Kigali City,3.000000,Kicukiro,GPS,U,-1.984379,30.114562,1440.000000,1441.000000,WGS84
29.500459,-1.826279,RW201000000077,RW,2010.000000,77.000000,RW,RW14,Western,NULL,NULL,3.000000,West,16.000000,Ngororero,GPS,R,-1.826279,29.500459,2221.000000,2163.000000,WGS84
29.402976,-1.873284,RW201000000078,RW,2010.000000,78.000000,RW,RW14,Western,NULL,NULL,3.000000,West,13.000000,Rutsiro,GPS,R,-1.873284,29.402976,2639.000000,2636.000000,WGS84
29.705179,-2.196906,RW201000000079,RW,2010.000000,79.000000,RW,RW15,Southern,NULL,NULL,2.000000,South,9.000000,Ruhango,GPS,R,-2.196906,29.705179,1759.000000,1766.000000,WGS84
30.063068,-1.919394,RW201000000080,RW,2010.000000,80.000000,RW,RW12,Kigali City,NULL,NULL,1.000000,Kigali City,2.000000,Gasabo,GPS,U,-1.919394,30.063068,1414.000000,1414.000000,WGS84
29.24687,-2.32428,RW201000000081,RW,2010.000000,81.000000,RW,RW14,Western,NULL,NULL,3.000000,West,18.000000,Nyamasheke,GPS,R,-2.324280,29.246870,1933.000000,1934.000000,WGS84
29.58157,-2.156734,RW201000000082,RW,2010.000000,82.000000,RW,RW14,Western,NULL,NULL,3.000000,West,12.000000,Karongi,GPS,R,-2.156734,29.581570,1722.000000,1704.000000,WGS84
29.487188,-2.543825,RW201000000083,RW,2010.000000,83.000000,RW,RW15,Southern,NULL,NULL,2.000000,South,8.000000,Nyamagabe,GPS,R,-2.543825,29.487188,2042.000000,2036.000000,WGS84
30.369448,-2.24475,RW201000000084,RW,2010.000000,84.000000,RW,RW11,Eastern,NULL,NULL,5.000000,East,29.000000,Ngoma,GPS,R,-2.244750,30.369448,1368.000000,1370.000000,WGS84
29.682687,-2.762775,RW201000000085,RW,2010.000000,85.000000,RW,RW15,Southern,NULL,NULL,2.000000,South,6.000000,Nyaruguru,GPS,R,-2.762775,29.682687,1799.000000,1785.000000,WGS84
29.386458,-1.6394,RW201000000086,RW,2010.000000,86.000000,RW,RW14,Western,NULL,NULL,3.000000,West,14.000000,Rubavu,GPS,R,-1.639400,29.386458,2653.000000,2673.000000,WGS84
30.072169,-1.977328,RW201000000087,RW,2010.000000,87.000000,RW,RW12,Kigali City,NULL,NULL,1.000000,Kigali City,3.000000,Kicukiro,GPS,U,-1.977328,30.072169,1451.000000,1462.000000,WGS84
30.139626,-1.95365,RW201000000088,RW,2010.000000,88.000000,RW,RW12,Kigali City,NULL,NULL,1.000000,Kigali City,3.000000,Kicukiro,GPS,U,-1.953650,30.139626,1447.000000,1467.000000,WGS84
29.838132,-2.474959,RW201000000089,RW,2010.000000,89.000000,RW,RW15,Southern,NULL,NULL,2.000000,South,5.000000,Gisagara,GPS,R,-2.474959,29.838132,1451.000000,1468.000000,WGS84
29.462497,-2.428076,RW201000000090,RW,2010.000000,90.000000,RW,RW15,Southern,NULL,NULL,2.000000,South,8.000000,Nyamagabe,GPS,R,-2.428076,29.462497,2206.000000,2183.000000,WGS84
29.802312,-2.357266,RW201000000091,RW,2010.000000,91.000000,RW,RW15,Southern,NULL,NULL,2.000000,South,4.000000,Nyanza,GPS,R,-2.357266,29.802312,1587.000000,1588.000000,WGS84
29.558065,-1.559758,RW201000000092,RW,2010.000000,92.000000,RW,RW13,Northern,NULL,NULL,4.000000,North,21.000000,Musanze,GPS,R,-1.559758,29.558065,2218.000000,2206.000000,WGS84
30.363397,-1.631198,RW201000000093,RW,2010.000000,93.000000,RW,RW11,Eastern,NULL,NULL,5.000000,East,26.000000,Gatsibo,GPS,R,-1.631198,30.363397,1470.000000,1471.000000,WGS84
29.436317,-2.104501,RW201000000094,RW,2010.000000,94.000000,RW,RW14,Western,NULL,NULL,3.000000,West,12.000000,Karongi,GPS,R,-2.104501,29.436317,1939.000000,1913.000000,WGS84
29.628509,-2.208816,RW201000000095,RW,2010.000000,95.000000,RW,RW15,Southern,NULL,NULL,2.000000,South,9.000000,Ruhango,GPS,R,-2.208816,29.628509,1726.000000,1720.000000,WGS84
29.624638,-1.79213,RW201000000096,RW,2010.000000,96.000000,RW,RW14,Western,NULL,NULL,3.000000,West,16.000000,Ngororero,GPS,R,-1.792130,29.624638,1704.000000,1700.000000,WGS84
29.571792,-1.595625,RW201000000097,RW,2010.000000,97.000000,RW,RW14,Western,NULL,NULL,3.000000,West,15.000000,Nyabihu,GPS,R,-1.595625,29.571792,2476.000000,2443.000000,WGS84
30.580089,-1.919092,RW201000000098,RW,2010.000000,98.000000,RW,RW11,Eastern,NULL,NULL,5.000000,East,27.000000,Kayonza,GPS,R,-1.919092,30.580089,1451.000000,1459.000000,WGS84
30.063375,-1.968977,RW201000000099,RW,2010.000000,99.000000,RW,RW12,Kigali City,NULL,NULL,1.000000,Kigali City,1.000000,Nyarugenge,GPS,U,-1.968977,30.063375,1439.000000,1436.000000,WGS84
29.390751,-2.089516,RW201000000100,RW,2010.000000,100.000000,RW,RW14,Western,NULL,NULL,3.000000,West,12.000000,Karongi,GPS,U,-2.089516,29.390751,1766.000000,1767.000000,WGS84
29.833817,-2.660932,RW201000000101,RW,2010.000000,101.000000,RW,RW15,Southern,NULL,NULL,2.000000,South,5.000000,Gisagara,GPS,R,-2.660932,29.833817,1754.000000,1758.000000,WGS84
29.780193,-2.466248,RW201000000102,RW,2010.000000,102.000000,RW,RW15,Southern,NULL,NULL,2.000000,South,7.000000,Huye,GPS,R,-2.466248,29.780193,1615.000000,1594.000000,WGS84
29.879028,-1.941192,RW201000000103,RW,2010.000000,103.000000,RW,RW15,Southern,NULL,NULL,2.000000,South,11.000000,Kamonyi,GPS,R,-1.941192,29.879028,1792.000000,1784.000000,WGS84
29.376622,-2.189393,RW201000000104,RW,2010.000000,104.000000,RW,RW14,Western,NULL,NULL,3.000000,West,12.000000,Karongi,GPS,R,-2.189393,29.376622,2171.000000,2196.000000,WGS84
29.741134,-2.576043,RW201000000105,RW,2010.000000,105.000000,RW,RW15,Southern,NULL,NULL,2.000000,South,7.000000,Huye,GPS,U,-2.576043,29.741134,1732.000000,1729.000000,WGS84
29.801138,-2.27699,RW201000000106,RW,2010.000000,106.000000,RW,RW15,Southern,NULL,NULL,2.000000,South,4.000000,Nyanza,GPS,R,-2.276990,29.801138,1679.000000,1671.000000,WGS84
30.144472,-1.940151,RW201000000107,RW,2010.000000,107.000000,RW,RW12,Kigali City,NULL,NULL,1.000000,Kigali City,2.000000,Gasabo,GPS,U,-1.940151,30.144472,1476.000000,1475.000000,WGS84
29.896746,-2.106086,RW201000000108,RW,2010.000000,108.000000,RW,RW15,Southern,NULL,NULL,2.000000,South,11.000000,Kamonyi,GPS,R,-2.106086,29.896746,1545.000000,1542.000000,WGS84
29.370811,-1.693164,RW201000000109,RW,2010.000000,109.000000,RW,RW14,Western,NULL,NULL,3.000000,West,14.000000,Rubavu,GPS,R,-1.693164,29.370811,2069.000000,2065.000000,WGS84
30.414611,-1.099347,RW201000000110,RW,2010.000000,110.000000,RW,RW11,Eastern,NULL,NULL,5.000000,East,25.000000,Nyagatare,GPS,R,-1.099347,30.414611,1387.000000,1387.000000,WGS84
30.061431,-1.978592,RW201000000111,RW,2010.000000,111.000000,RW,RW12,Kigali City,NULL,NULL,1.000000,Kigali City,3.000000,Kicukiro,GPS,U,-1.978592,30.061431,1414.000000,1416.000000,WGS84
30.076672,-1.688129,RW201000000112,RW,2010.000000,112.000000,RW,RW13,Northern,NULL,NULL,4.000000,North,23.000000,Gicumbi,GPS,R,-1.688129,30.076672,1981.000000,1972.000000,WGS84
29.472353,-2.709533,RW201000000113,RW,2010.000000,113.000000,RW,RW15,Southern,NULL,NULL,2.000000,South,6.000000,Nyaruguru,GPS,R,-2.709533,29.472353,2259.000000,2233.000000,WGS84
30.029044,-2.040137,RW201000000114,RW,2010.000000,114.000000,RW,RW12,Kigali City,NULL,NULL,1.000000,Kigali City,1.000000,Nyarugenge,GPS,U,-2.040137,30.029044,1597.000000,1572.000000,WGS84
29.505491,-1.723058,RW201000000115,RW,2010.000000,115.000000,RW,RW14,Western,NULL,NULL,3.000000,West,15.000000,Nyabihu,GPS,R,-1.723058,29.505491,2302.000000,2323.000000,WGS84
29.411107,-1.844282,RW201000000116,RW,2010.000000,116.000000,RW,RW14,Western,NULL,NULL,3.000000,West,13.000000,Rutsiro,GPS,R,-1.844282,29.411107,2248.000000,2220.000000,WGS84
29.090533,-2.507886,RW201000000117,RW,2010.000000,117.000000,RW,RW14,Western,NULL,NULL,3.000000,West,18.000000,Nyamasheke,GPS,R,-2.507886,29.090533,1727.000000,1726.000000,WGS84
29.690493,-2.139863,RW201000000118,RW,2010.000000,118.000000,RW,RW15,Southern,NULL,NULL,2.000000,South,9.000000,Ruhango,GPS,R,-2.139863,29.690493,1964.000000,1945.000000,WGS84
30.218895,-1.505122,RW201000000119,RW,2010.000000,119.000000,RW,RW11,Eastern,NULL,NULL,5.000000,East,26.000000,Gatsibo,GPS,R,-1.505122,30.218895,1420.000000,1428.000000,WGS84
30.154405,-1.774679,RW201000000120,RW,2010.000000,120.000000,RW,RW13,Northern,NULL,NULL,4.000000,North,23.000000,Gicumbi,GPS,R,-1.774679,30.154405,1535.000000,1540.000000,WGS84
30.055079,-1.940534,RW201000000121,RW,2010.000000,121.000000,RW,RW12,Kigali City,NULL,NULL,1.000000,Kigali City,1.000000,Nyarugenge,GPS,U,-1.940534,30.055079,1410.000000,1424.000000,WGS84
30.309967,-1.585452,RW201000000122,RW,2010.000000,122.000000,RW,RW11,Eastern,NULL,NULL,5.000000,East,26.000000,Gatsibo,GPS,R,-1.585452,30.309967,1486.000000,1484.000000,WGS84
29.646142,-2.515693,RW201000000123,RW,2010.000000,123.000000,RW,RW15,Southern,NULL,NULL,2.000000,South,7.000000,Huye,GPS,R,-2.515693,29.646142,1683.000000,1692.000000,WGS84
30.163513,-1.768044,RW201000000124,RW,2010.000000,124.000000,RW,RW13,Northern,NULL,NULL,4.000000,North,23.000000,Gicumbi,GPS,R,-1.768044,30.163513,1847.000000,1841.000000,WGS84
30.628462,-2.305046,RW201000000125,RW,2010.000000,125.000000,RW,RW11,Eastern,NULL,NULL,5.000000,East,28.000000,Kirehe,GPS,R,-2.305046,30.628462,1545.000000,1553.000000,WGS84
29.488298,-1.486921,RW201000000126,RW,2010.000000,126.000000,RW,RW13,Northern,NULL,NULL,4.000000,North,21.000000,Musanze,GPS,R,-1.486921,29.488298,2525.000000,2517.000000,WGS84
29.883326,-1.555831,RW201000000127,RW,2010.000000,127.000000,RW,RW13,Northern,NULL,NULL,4.000000,North,22.000000,Burera,GPS,R,-1.555831,29.883326,2109.000000,2095.000000,WGS84
29.63039,-1.501343,RW201000000128,RW,2010.000000,128.000000,RW,RW13,Northern,NULL,NULL,4.000000,North,21.000000,Musanze,GPS,U,-1.501343,29.630390,1819.000000,1812.000000,WGS84
29.944765,-2.19057,RW201000000129,RW,2010.000000,129.000000,RW,RW15,Southern,NULL,NULL,2.000000,South,9.000000,Ruhango,GPS,R,-2.190570,29.944765,1448.000000,1437.000000,WGS84
29.728344,-2.711069,RW201000000130,RW,2010.000000,130.000000,RW,RW15,Southern,NULL,NULL,2.000000,South,6.000000,Nyaruguru,GPS,R,-2.711069,29.728344,1745.000000,1745.000000,WGS84
30.098831,-1.990186,RW201000000131,RW,2010.000000,131.000000,RW,RW12,Kigali City,NULL,NULL,1.000000,Kigali City,3.000000,Kicukiro,GPS,U,-1.990186,30.098831,1485.000000,1494.000000,WGS84
29.79074,-1.859734,RW201000000132,RW,2010.000000,132.000000,RW,RW15,Southern,NULL,NULL,2.000000,South,10.000000,Muhanga,GPS,R,-1.859734,29.790740,1472.000000,1468.000000,WGS84
29.923283,-1.554227,RW201000000133,RW,2010.000000,133.000000,RW,RW13,Northern,NULL,NULL,4.000000,North,22.000000,Burera,GPS,R,-1.554227,29.923283,2214.000000,2212.000000,WGS84
30.089289,-1.974412,RW201000000134,RW,2010.000000,134.000000,RW,RW12,Kigali City,NULL,NULL,1.000000,Kigali City,3.000000,Kicukiro,GPS,U,-1.974412,30.089289,1540.000000,1546.000000,WGS84
29.704893,-1.679763,RW201000000135,RW,2010.000000,135.000000,RW,RW13,Northern,NULL,NULL,4.000000,North,20.000000,Gakenke,GPS,R,-1.679763,29.704893,1969.000000,1944.000000,WGS84
29.313049,-1.877191,RW201000000136,RW,2010.000000,136.000000,RW,RW14,Western,NULL,NULL,3.000000,West,13.000000,Rutsiro,GPS,R,-1.877191,29.313049,1726.000000,1751.000000,WGS84
29.626807,-1.53765,RW201000000137,RW,2010.000000,137.000000,RW,RW13,Northern,NULL,NULL,4.000000,North,21.000000,Musanze,GPS,R,-1.537650,29.626807,1716.000000,1700.000000,WGS84
29.321231,-1.681372,RW201000000138,RW,2010.000000,138.000000,RW,RW14,Western,NULL,NULL,3.000000,West,14.000000,Rubavu,GPS,R,-1.681372,29.321231,1715.000000,1744.000000,WGS84
29.814668,-1.583996,RW201000000139,RW,2010.000000,139.000000,RW,RW13,Northern,NULL,NULL,4.000000,North,20.000000,Gakenke,GPS,R,-1.583996,29.814668,2351.000000,2326.000000,WGS84
29.398886,-2.449083,RW201000000140,RW,2010.000000,140.000000,RW,RW15,Southern,NULL,NULL,2.000000,South,8.000000,Nyamagabe,GPS,R,-2.449083,29.398886,2308.000000,2289.000000,WGS84
29.362558,-1.627679,RW201000000141,RW,2010.000000,141.000000,RW,RW14,Western,NULL,NULL,3.000000,West,14.000000,Rubavu,GPS,R,-1.627679,29.362558,2192.000000,2188.000000,WGS84
29.677116,-2.130811,RW201000000142,RW,2010.000000,142.000000,RW,RW15,Southern,NULL,NULL,2.000000,South,9.000000,Ruhango,GPS,R,-2.130811,29.677116,1774.000000,1765.000000,WGS84
29.849937,-2.550852,RW201000000143,RW,2010.000000,143.000000,RW,RW15,Southern,NULL,NULL,2.000000,South,5.000000,Gisagara,GPS,R,-2.550852,29.849937,1548.000000,1548.000000,WGS84
29.713286,-2.021185,RW201000000144,RW,2010.000000,144.000000,RW,RW15,Southern,NULL,NULL,2.000000,South,10.000000,Muhanga,GPS,R,-2.021185,29.713286,1741.000000,1743.000000,WGS84
30.375953,-2.05891,RW201000000145,RW,2010.000000,145.000000,RW,RW11,Eastern,NULL,NULL,5.000000,East,24.000000,Rwamagana,GPS,R,-2.058910,30.375953,1483.000000,1479.000000,WGS84
30.221206,-1.965807,RW201000000146,RW,2010.000000,146.000000,RW,RW12,Kigali City,NULL,NULL,1.000000,Kigali City,2.000000,Gasabo,GPS,U,-1.965807,30.221206,1429.000000,1429.000000,WGS84
30.527585,-1.958832,RW201000000147,RW,2010.000000,147.000000,RW,RW11,Eastern,NULL,NULL,5.000000,East,27.000000,Kayonza,GPS,R,-1.958832,30.527585,1605.000000,1606.000000,WGS84
29.6574,-1.547463,RW201000000148,RW,2010.000000,148.000000,RW,RW13,Northern,NULL,NULL,4.000000,North,21.000000,Musanze,GPS,R,-1.547463,29.657400,1768.000000,1762.000000,WGS84
30.177475,-1.789266,RW201000000149,RW,2010.000000,149.000000,RW,RW13,Northern,NULL,NULL,4.000000,North,23.000000,Gicumbi,GPS,R,-1.789266,30.177475,2039.000000,2041.000000,WGS84
29.573641,-2.452764,RW201000000150,RW,2010.000000,150.000000,RW,RW15,Southern,NULL,NULL,2.000000,South,8.000000,Nyamagabe,GPS,U,-2.452764,29.573641,1848.000000,1832.000000,WGS84
28.995509,-2.400068,RW201000000151,RW,2010.000000,151.000000,RW,RW14,Western,NULL,NULL,3.000000,West,18.000000,Nyamasheke,GPS,R,-2.400068,28.995509,1932.000000,1575.000000,WGS84
29.969942,-1.597761,RW201000000152,RW,2010.000000,152.000000,RW,RW13,Northern,NULL,NULL,4.000000,North,23.000000,Gicumbi,GPS,R,-1.597761,29.969942,2296.000000,2287.000000,WGS84
29.499088,-1.726329,RW201000000153,RW,2010.000000,153.000000,RW,RW14,Western,NULL,NULL,3.000000,West,15.000000,Nyabihu,GPS,R,-1.726329,29.499088,2456.000000,2424.000000,WGS84
29.340078,-1.850826,RW201000000154,RW,2010.000000,154.000000,RW,RW14,Western,NULL,NULL,3.000000,West,13.000000,Rutsiro,GPS,R,-1.850826,29.340078,1853.000000,1824.000000,WGS84
30.033763,-2.159884,RW201000000155,RW,2010.000000,155.000000,RW,RW11,Eastern,NULL,NULL,5.000000,East,30.000000,Bugesera,GPS,R,-2.159884,30.033763,1431.000000,1420.000000,WGS84
28.970809,-2.589906,RW201000000156,RW,2010.000000,156.000000,RW,RW14,Western,NULL,NULL,3.000000,West,17.000000,Rusizi,GPS,R,-2.589906,28.970809,1703.000000,1705.000000,WGS84
29.755848,-1.552253,RW201000000157,RW,2010.000000,157.000000,RW,RW13,Northern,NULL,NULL,4.000000,North,21.000000,Musanze,GPS,R,-1.552253,29.755848,1951.000000,1961.000000,WGS84
29.74197,-2.298738,RW201000000158,RW,2010.000000,158.000000,RW,RW15,Southern,NULL,NULL,2.000000,South,4.000000,Nyanza,GPS,U,-2.298738,29.741970,1770.000000,1785.000000,WGS84
30.235609,-1.827347,RW201000000159,RW,2010.000000,159.000000,RW,RW13,Northern,NULL,NULL,4.000000,North,23.000000,Gicumbi,GPS,R,-1.827347,30.235609,1630.000000,1637.000000,WGS84
30.28163,-1.361823,RW201000000160,RW,2010.000000,160.000000,RW,RW11,Eastern,NULL,NULL,5.000000,East,25.000000,Nyagatare,GPS,R,-1.361823,30.281630,1395.000000,1385.000000,WGS84
29.41455,-1.995445,RW201000000161,RW,2010.000000,161.000000,RW,RW14,Western,NULL,NULL,3.000000,West,13.000000,Rutsiro,GPS,R,-1.995445,29.414550,1829.000000,1820.000000,WGS84
29.604681,-1.927856,RW201000000162,RW,2010.000000,162.000000,RW,RW14,Western,NULL,NULL,3.000000,West,16.000000,Ngororero,GPS,R,-1.927856,29.604681,1914.000000,1910.000000,WGS84
30.044029,-1.777182,RW201000000163,RW,2010.000000,163.000000,RW,RW13,Northern,NULL,NULL,4.000000,North,19.000000,Rulindo,GPS,R,-1.777182,30.044029,2112.000000,2108.000000,WGS84
29.495145,-2.752702,RW201000000164,RW,2010.000000,164.000000,RW,RW15,Southern,NULL,NULL,2.000000,South,6.000000,Nyaruguru,GPS,R,-2.752702,29.495145,2242.000000,2236.000000,WGS84
30.31009,-1.992365,RW201000000165,RW,2010.000000,165.000000,RW,RW11,Eastern,NULL,NULL,5.000000,East,24.000000,Rwamagana,GPS,R,-1.992365,30.310090,1728.000000,1730.000000,WGS84
30.440808,-1.949591,RW201000000166,RW,2010.000000,166.000000,RW,RW11,Eastern,NULL,NULL,5.000000,East,24.000000,Rwamagana,GPS,U,-1.949591,30.440808,1530.000000,1528.000000,WGS84
29.067239,-2.387603,RW201000000167,RW,2010.000000,167.000000,RW,RW14,Western,NULL,NULL,3.000000,West,18.000000,Nyamasheke,GPS,R,-2.387603,29.067239,1613.000000,1608.000000,WGS84
30.047714,-1.937687,RW201000000168,RW,2010.000000,168.000000,RW,RW12,Kigali City,NULL,NULL,1.000000,Kigali City,1.000000,Nyarugenge,GPS,U,-1.937687,30.047714,1403.000000,1408.000000,WGS84
29.637663,-1.697388,RW201000000169,RW,2010.000000,169.000000,RW,RW13,Northern,NULL,NULL,4.000000,North,20.000000,Gakenke,GPS,R,-1.697388,29.637663,1523.000000,1512.000000,WGS84
30.199794,-2.260028,RW201000000170,RW,2010.000000,170.000000,RW,RW11,Eastern,NULL,NULL,5.000000,East,30.000000,Bugesera,GPS,R,-2.260028,30.199794,1398.000000,1407.000000,WGS84
28.926768,-2.485561,RW201000000171,RW,2010.000000,171.000000,RW,RW14,Western,NULL,NULL,3.000000,West,17.000000,Rusizi,GPS,U,-2.485561,28.926768,1765.000000,1772.000000,WGS84
30.389542,-1.100359,RW201000000172,RW,2010.000000,172.000000,RW,RW11,Eastern,NULL,NULL,5.000000,East,25.000000,Nyagatare,GPS,R,-1.100359,30.389542,1330.000000,1337.000000,WGS84
30.104393,-1.95637,RW201000000173,RW,2010.000000,173.000000,RW,RW12,Kigali City,NULL,NULL,1.000000,Kigali City,2.000000,Gasabo,GPS,U,-1.956370,30.104393,1496.000000,1503.000000,WGS84
29.532057,-2.416729,RW201000000174,RW,2010.000000,174.000000,RW,RW15,Southern,NULL,NULL,2.000000,South,8.000000,Nyamagabe,GPS,R,-2.416729,29.532057,1997.000000,1980.000000,WGS84
30.449934,-1.918798,RW201000000175,RW,2010.000000,175.000000,RW,RW11,Eastern,NULL,NULL,5.000000,East,24.000000,Rwamagana,GPS,R,-1.918798,30.449934,1517.000000,1514.000000,WGS84
29.633267,-1.637594,RW201000000176,RW,2010.000000,176.000000,RW,RW14,Western,NULL,NULL,3.000000,West,15.000000,Nyabihu,GPS,R,-1.637594,29.633267,1575.000000,1528.000000,WGS84
30.080122,-1.782677,RW201000000177,RW,2010.000000,177.000000,RW,RW13,Northern,NULL,NULL,4.000000,North,19.000000,Rulindo,GPS,R,-1.782677,30.080122,1631.000000,1619.000000,WGS84
30.450414,-2.116101,RW201000000178,RW,2010.000000,178.000000,RW,RW11,Eastern,NULL,NULL,5.000000,East,29.000000,Ngoma,GPS,R,-2.116101,30.450414,1472.000000,1469.000000,WGS84
29.819907,-2.206809,RW201000000179,RW,2010.000000,179.000000,RW,RW15,Southern,NULL,NULL,2.000000,South,9.000000,Ruhango,GPS,U,-2.206809,29.819907,1628.000000,1621.000000,WGS84
29.582376,-1.756319,RW201000000180,RW,2010.000000,180.000000,RW,RW14,Western,NULL,NULL,3.000000,West,16.000000,Ngororero,GPS,R,-1.756319,29.582376,2346.000000,2316.000000,WGS84
29.229031,-2.607346,RW201000000181,RW,2010.000000,181.000000,RW,RW14,Western,NULL,NULL,3.000000,West,17.000000,Rusizi,GPS,R,-2.607346,29.229031,1755.000000,1749.000000,WGS84
29.787211,-2.434632,RW201000000182,RW,2010.000000,182.000000,RW,RW15,Southern,NULL,NULL,2.000000,South,7.000000,Huye,GPS,R,-2.434632,29.787211,1603.000000,1592.000000,WGS84
29.710516,-1.439182,RW201000000183,RW,2010.000000,183.000000,RW,RW13,Northern,NULL,NULL,4.000000,North,22.000000,Burera,GPS,R,-1.439182,29.710516,2039.000000,2033.000000,WGS84
30.481972,-2.099755,RW201000000184,RW,2010.000000,184.000000,RW,RW11,Eastern,NULL,NULL,5.000000,East,29.000000,Ngoma,GPS,R,-2.099755,30.481972,1523.000000,1521.000000,WGS84
30.287383,-1.956045,RW201000000185,RW,2010.000000,185.000000,RW,RW11,Eastern,NULL,NULL,5.000000,East,24.000000,Rwamagana,GPS,R,-1.956045,30.287383,1481.000000,1481.000000,WGS84
29.768941,-2.587721,RW201000000186,RW,2010.000000,186.000000,RW,RW15,Southern,NULL,NULL,2.000000,South,5.000000,Gisagara,GPS,R,-2.587721,29.768941,1709.000000,1708.000000,WGS84
30.322471,-1.43971,RW201000000187,RW,2010.000000,187.000000,RW,RW11,Eastern,NULL,NULL,5.000000,East,25.000000,Nyagatare,GPS,R,-1.439710,30.322471,1488.000000,1492.000000,WGS84
29.927419,-1.975029,RW201000000188,RW,2010.000000,188.000000,RW,RW15,Southern,NULL,NULL,2.000000,South,11.000000,Kamonyi,GPS,R,-1.975029,29.927419,1544.000000,1522.000000,WGS84
29.123901,-2.338016,RW201000000189,RW,2010.000000,189.000000,RW,RW14,Western,NULL,NULL,3.000000,West,18.000000,Nyamasheke,GPS,R,-2.338016,29.123901,1608.000000,1599.000000,WGS84
29.022046,-2.523384,RW201000000190,RW,2010.000000,190.000000,RW,RW14,Western,NULL,NULL,3.000000,West,18.000000,Nyamasheke,GPS,R,-2.523384,29.022046,1640.000000,1650.000000,WGS84
29.646694,-1.72052,RW201000000191,RW,2010.000000,191.000000,RW,RW13,Northern,NULL,NULL,4.000000,North,20.000000,Gakenke,GPS,R,-1.720520,29.646694,1807.000000,1781.000000,WGS84
30.727983,-2.214713,RW201000000192,RW,2010.000000,192.000000,RW,RW11,Eastern,NULL,NULL,5.000000,East,28.000000,Kirehe,GPS,R,-2.214713,30.727983,1563.000000,1557.000000,WGS84
30.056039,-1.970528,RW201000000193,RW,2010.000000,193.000000,RW,RW12,Kigali City,NULL,NULL,1.000000,Kigali City,1.000000,Nyarugenge,GPS,U,-1.970528,30.056039,1514.000000,1502.000000,WGS84
30.558896,-1.85497,RW201000000194,RW,2010.000000,194.000000,RW,RW11,Eastern,NULL,NULL,5.000000,East,27.000000,Kayonza,GPS,R,-1.854970,30.558896,1598.000000,1603.000000,WGS84
30.077749,-1.954061,RW201000000195,RW,2010.000000,195.000000,RW,RW12,Kigali City,NULL,NULL,1.000000,Kigali City,2.000000,Gasabo,GPS,U,-1.954061,30.077749,1389.000000,1387.000000,WGS84
30.058601,-1.977357,RW201000000196,RW,2010.000000,196.000000,RW,RW12,Kigali City,NULL,NULL,1.000000,Kigali City,1.000000,Nyarugenge,GPS,U,-1.977357,30.058601,1532.000000,1519.000000,WGS84
29.715013,-2.635716,RW201000000197,RW,2010.000000,197.000000,RW,RW15,Southern,NULL,NULL,2.000000,South,7.000000,Huye,GPS,U,-2.635716,29.715013,1736.000000,1737.000000,WGS84
29.047354,-2.327561,RW201000000198,RW,2010.000000,198.000000,RW,RW14,Western,NULL,NULL,3.000000,West,18.000000,Nyamasheke,GPS,R,-2.327561,29.047354,1639.000000,1641.000000,WGS84
29.331311,-1.963233,RW201000000199,RW,2010.000000,199.000000,RW,RW14,Western,NULL,NULL,3.000000,West,13.000000,Rutsiro,GPS,R,-1.963233,29.331311,1835.000000,1797.000000,WGS84
29.812083,-2.042049,RW201000000200,RW,2010.000000,200.000000,RW,RW15,Southern,NULL,NULL,2.000000,South,11.000000,Kamonyi,GPS,R,-2.042049,29.812083,1713.000000,1706.000000,WGS84
30.422287,-1.441507,RW201000000201,RW,2010.000000,201.000000,RW,RW11,Eastern,NULL,NULL,5.000000,East,25.000000,Nyagatare,GPS,R,-1.441507,30.422287,1464.000000,1469.000000,WGS84
30.095517,-1.836542,RW201000000202,RW,2010.000000,202.000000,RW,RW12,Kigali City,NULL,NULL,1.000000,Kigali City,2.000000,Gasabo,GPS,R,-1.836542,30.095517,1553.000000,1523.000000,WGS84
30.509814,-2.32237,RW201000000203,RW,2010.000000,203.000000,RW,RW11,Eastern,NULL,NULL,5.000000,East,28.000000,Kirehe,GPS,R,-2.322370,30.509814,1446.000000,1447.000000,WGS84
28.921811,-2.525109,RW201000000204,RW,2010.000000,204.000000,RW,RW14,Western,NULL,NULL,3.000000,West,17.000000,Rusizi,GPS,R,-2.525109,28.921811,1940.000000,1931.000000,WGS84
29.813962,-1.358829,RW201000000205,RW,2010.000000,205.000000,RW,RW13,Northern,NULL,NULL,4.000000,North,22.000000,Burera,GPS,R,-1.358829,29.813962,2021.000000,2021.000000,WGS84
30.011056,-1.955189,RW201000000206,RW,2010.000000,206.000000,RW,RW12,Kigali City,NULL,NULL,1.000000,Kigali City,1.000000,Nyarugenge,GPS,R,-1.955189,30.011056,1449.000000,1436.000000,WGS84
29.585916,-2.371748,RW201000000207,RW,2010.000000,207.000000,RW,RW15,Southern,NULL,NULL,2.000000,South,8.000000,Nyamagabe,GPS,R,-2.371748,29.585916,1826.000000,1829.000000,WGS84
29.559536,-1.67449,RW201000000208,RW,2010.000000,208.000000,RW,RW14,Western,NULL,NULL,3.000000,West,15.000000,Nyabihu,GPS,R,-1.674490,29.559536,2255.000000,2232.000000,WGS84
29.254779,-2.16145,RW201000000209,RW,2010.000000,209.000000,RW,RW14,Western,NULL,NULL,3.000000,West,18.000000,Nyamasheke,GPS,R,-2.161450,29.254779,1569.000000,1541.000000,WGS84
30.59361,-2.213988,RW201000000210,RW,2010.000000,210.000000,RW,RW11,Eastern,NULL,NULL,5.000000,East,28.000000,Kirehe,GPS,R,-2.213988,30.593610,1517.000000,1532.000000,WGS84
29.774608,-2.188292,RW201000000211,RW,2010.000000,211.000000,RW,RW15,Southern,NULL,NULL,2.000000,South,9.000000,Ruhango,GPS,U,-2.188292,29.774608,1750.000000,1746.000000,WGS84
30.485088,-1.932437,RW201000000212,RW,2010.000000,212.000000,RW,RW11,Eastern,NULL,NULL,5.000000,East,27.000000,Kayonza,GPS,R,-1.932437,30.485088,1552.000000,1578.000000,WGS84
29.751587,-2.360084,RW201000000213,RW,2010.000000,213.000000,RW,RW15,Southern,NULL,NULL,2.000000,South,4.000000,Nyanza,GPS,U,-2.360084,29.751587,1799.000000,1787.000000,WGS84
30.545979,-1.99905,RW201000000214,RW,2010.000000,214.000000,RW,RW11,Eastern,NULL,NULL,5.000000,East,27.000000,Kayonza,GPS,R,-1.999050,30.545979,1667.000000,1668.000000,WGS84
29.370061,-2.238794,RW201000000215,RW,2010.000000,215.000000,RW,RW14,Western,NULL,NULL,3.000000,West,12.000000,Karongi,GPS,R,-2.238794,29.370061,2153.000000,2124.000000,WGS84
29.872053,-1.676138,RW201000000216,RW,2010.000000,216.000000,RW,RW13,Northern,NULL,NULL,4.000000,North,20.000000,Gakenke,GPS,R,-1.676138,29.872053,1755.000000,1728.000000,WGS84
30.01549,-1.436562,RW201000000217,RW,2010.000000,217.000000,RW,RW13,Northern,NULL,NULL,4.000000,North,23.000000,Gicumbi,GPS,R,-1.436562,30.015490,2046.000000,2027.000000,WGS84
30.731484,-2.224453,RW201000000218,RW,2010.000000,218.000000,RW,RW11,Eastern,NULL,NULL,5.000000,East,28.000000,Kirehe,GPS,R,-2.224453,30.731484,1650.000000,1643.000000,WGS84
29.569965,-2.733294,RW201000000219,RW,2010.000000,219.000000,RW,RW15,Southern,NULL,NULL,2.000000,South,6.000000,Nyaruguru,GPS,R,-2.733294,29.569965,1860.000000,1860.000000,WGS84
29.608434,-2.545912,RW201000000220,RW,2010.000000,220.000000,RW,RW15,Southern,NULL,NULL,2.000000,South,7.000000,Huye,GPS,R,-2.545912,29.608434,1823.000000,1820.000000,WGS84
29.849705,-2.760754,RW201000000221,RW,2010.000000,221.000000,RW,RW15,Southern,NULL,NULL,2.000000,South,5.000000,Gisagara,GPS,R,-2.760754,29.849705,1469.000000,1454.000000,WGS84
30.242161,-1.297459,RW201000000222,RW,2010.000000,222.000000,RW,RW11,Eastern,NULL,NULL,5.000000,East,25.000000,Nyagatare,GPS,R,-1.297459,30.242161,1467.000000,1468.000000,WGS84
29.756049,-2.083065,RW201000000223,RW,2010.000000,223.000000,RW,RW15,Southern,NULL,NULL,2.000000,South,10.000000,Muhanga,GPS,U,-2.083065,29.756049,1595.000000,1811.000000,WGS84
30.421977,-2.226654,RW201000000224,RW,2010.000000,224.000000,RW,RW11,Eastern,NULL,NULL,5.000000,East,29.000000,Ngoma,GPS,R,-2.226654,30.421977,1456.000000,1456.000000,WGS84
30.850353,-2.149959,RW201000000225,RW,2010.000000,225.000000,RW,RW11,Eastern,NULL,NULL,5.000000,East,28.000000,Kirehe,GPS,R,-2.149959,30.850353,1754.000000,1754.000000,WGS84
30.117009,-2.287563,RW201000000226,RW,2010.000000,226.000000,RW,RW11,Eastern,NULL,NULL,5.000000,East,30.000000,Bugesera,GPS,R,-2.287563,30.117009,1463.000000,1459.000000,WGS84
29.577855,-1.526805,RW201000000227,RW,2010.000000,227.000000,RW,RW13,Northern,NULL,NULL,4.000000,North,21.000000,Musanze,GPS,R,-1.526805,29.577855,2086.000000,2086.000000,WGS84
30.180127,-2.183866,RW201000000228,RW,2010.000000,228.000000,RW,RW11,Eastern,NULL,NULL,5.000000,East,30.000000,Bugesera,GPS,R,-2.183866,30.180127,1431.000000,1441.000000,WGS84
29.795864,-2.661043,RW201000000229,RW,2010.000000,229.000000,RW,RW15,Southern,NULL,NULL,2.000000,South,5.000000,Gisagara,GPS,R,-2.661043,29.795864,1673.000000,1662.000000,WGS84
29.909006,-2.057712,RW201000000230,RW,2010.000000,230.000000,RW,RW15,Southern,NULL,NULL,2.000000,South,11.000000,Kamonyi,GPS,R,-2.057712,29.909006,1573.000000,1542.000000,WGS84
30.088097,-1.975464,RW201000000231,RW,2010.000000,231.000000,RW,RW12,Kigali City,NULL,NULL,1.000000,Kigali City,3.000000,Kicukiro,GPS,U,-1.975464,30.088097,1467.000000,1454.000000,WGS84
30.036967,-2.276934,RW201000000232,RW,2010.000000,232.000000,RW,RW11,Eastern,NULL,NULL,5.000000,East,30.000000,Bugesera,GPS,R,-2.276934,30.036967,1405.000000,1415.000000,WGS84
30.427247,-1.606749,RW201000000233,RW,2010.000000,233.000000,RW,RW11,Eastern,NULL,NULL,5.000000,East,26.000000,Gatsibo,GPS,R,-1.606749,30.427247,1497.000000,1492.000000,WGS84
29.744879,-2.789598,RW201000000234,RW,2010.000000,234.000000,RW,RW15,Southern,NULL,NULL,2.000000,South,5.000000,Gisagara,GPS,R,-2.789598,29.744879,1706.000000,1701.000000,WGS84
30.111272,-1.949707,RW201000000235,RW,2010.000000,235.000000,RW,RW12,Kigali City,NULL,NULL,1.000000,Kigali City,2.000000,Gasabo,GPS,R,-1.949707,30.111272,1487.000000,1492.000000,WGS84
29.710591,-1.869571,RW201000000236,RW,2010.000000,236.000000,RW,RW15,Southern,NULL,NULL,2.000000,South,10.000000,Muhanga,GPS,R,-1.869571,29.710591,1780.000000,1768.000000,WGS84
29.877543,-2.262296,RW201000000237,RW,2010.000000,237.000000,RW,RW15,Southern,NULL,NULL,2.000000,South,9.000000,Ruhango,GPS,R,-2.262296,29.877543,1555.000000,1545.000000,WGS84
30.535659,-2.235567,RW201000000238,RW,2010.000000,238.000000,RW,RW11,Eastern,NULL,NULL,5.000000,East,29.000000,Ngoma,GPS,U,-2.235567,30.535659,1496.000000,1496.000000,WGS84
29.754761,-1.728849,RW201000000239,RW,2010.000000,239.000000,RW,RW13,Northern,NULL,NULL,4.000000,North,20.000000,Gakenke,GPS,R,-1.728849,29.754761,1859.000000,1824.000000,WGS84
30.137929,-1.676442,RW201000000240,RW,2010.000000,240.000000,RW,RW13,Northern,NULL,NULL,4.000000,North,23.000000,Gicumbi,GPS,R,-1.676442,30.137929,2082.000000,2062.000000,WGS84
28.910435,-2.658062,RW201000000241,RW,2010.000000,241.000000,RW,RW14,Western,NULL,NULL,3.000000,West,17.000000,Rusizi,GPS,R,-2.658062,28.910435,1663.000000,1655.000000,WGS84
29.662263,-2.758512,RW201000000242,RW,2010.000000,242.000000,RW,RW15,Southern,NULL,NULL,2.000000,South,6.000000,Nyaruguru,GPS,R,-2.758512,29.662263,1845.000000,1829.000000,WGS84
29.723557,-1.826784,RW201000000243,RW,2010.000000,243.000000,RW,RW15,Southern,NULL,NULL,2.000000,South,10.000000,Muhanga,GPS,R,-1.826784,29.723557,2169.000000,2152.000000,WGS84
30.041225,-1.974003,RW201000000244,RW,2010.000000,244.000000,RW,RW12,Kigali City,NULL,NULL,1.000000,Kigali City,1.000000,Nyarugenge,GPS,U,-1.974003,30.041225,1587.000000,1588.000000,WGS84
29.467963,-2.1252,RW201000000245,RW,2010.000000,245.000000,RW,RW14,Western,NULL,NULL,3.000000,West,12.000000,Karongi,GPS,R,-2.125200,29.467963,1986.000000,1958.000000,WGS84
29.690313,-2.08,RW201000000246,RW,2010.000000,246.000000,RW,RW15,Southern,NULL,NULL,2.000000,South,10.000000,Muhanga,GPS,R,-2.080000,29.690313,1793.000000,1786.000000,WGS84
30.1187,-1.396914,RW201000000247,RW,2010.000000,247.000000,RW,RW11,Eastern,NULL,NULL,5.000000,East,25.000000,Nyagatare,GPS,R,-1.396914,30.118700,1729.000000,1736.000000,WGS84
29.888781,-2.64997,RW201000000248,RW,2010.000000,248.000000,RW,RW15,Southern,NULL,NULL,2.000000,South,5.000000,Gisagara,GPS,R,-2.649970,29.888781,1515.000000,1487.000000,WGS84
28.971476,-2.596514,RW201000000249,RW,2010.000000,249.000000,RW,RW14,Western,NULL,NULL,3.000000,West,17.000000,Rusizi,GPS,R,-2.596514,28.971476,1581.000000,1559.000000,WGS84
30.00618,-1.735861,RW201000000250,RW,2010.000000,250.000000,RW,RW13,Northern,NULL,NULL,4.000000,North,19.000000,Rulindo,GPS,R,-1.735861,30.006180,2042.000000,2041.000000,WGS84
30.051481,-1.894967,RW201000000251,RW,2010.000000,251.000000,RW,RW12,Kigali City,NULL,NULL,1.000000,Kigali City,2.000000,Gasabo,GPS,R,-1.894967,30.051481,1811.000000,1800.000000,WGS84
29.976325,-1.993029,RW201000000252,RW,2010.000000,252.000000,RW,RW15,Southern,NULL,NULL,2.000000,South,11.000000,Kamonyi,GPS,R,-1.993029,29.976325,1465.000000,1460.000000,WGS84
29.629335,-1.487486,RW201000000253,RW,2010.000000,253.000000,RW,RW13,Northern,NULL,NULL,4.000000,North,21.000000,Musanze,GPS,R,-1.487486,29.629335,1898.000000,1889.000000,WGS84
30.482348,-1.792265,RW201000000254,RW,2010.000000,254.000000,RW,RW11,Eastern,NULL,NULL,5.000000,East,27.000000,Kayonza,GPS,R,-1.792265,30.482348,1489.000000,1485.000000,WGS84
29.788937,-1.553064,RW201000000255,RW,2010.000000,255.000000,RW,RW13,Northern,NULL,NULL,4.000000,North,22.000000,Burera,GPS,R,-1.553064,29.788937,2102.000000,2133.000000,WGS84
30.622315,-2.09954,RW201000000256,RW,2010.000000,256.000000,RW,RW11,Eastern,NULL,NULL,5.000000,East,27.000000,Kayonza,GPS,R,-2.099540,30.622315,1634.000000,1635.000000,WGS84
30.448602,-1.638167,RW201000000257,RW,2010.000000,257.000000,RW,RW11,Eastern,NULL,NULL,5.000000,East,26.000000,Gatsibo,GPS,R,-1.638167,30.448602,1472.000000,1464.000000,WGS84
28.913307,-2.480914,RW201000000258,RW,2010.000000,258.000000,RW,RW14,Western,NULL,NULL,3.000000,West,17.000000,Rusizi,GPS,U,-2.480914,28.913307,1674.000000,1676.000000,WGS84
30.586832,-1.868541,RW201000000259,RW,2010.000000,259.000000,RW,RW11,Eastern,NULL,NULL,5.000000,East,27.000000,Kayonza,GPS,R,-1.868541,30.586832,1615.000000,1614.000000,WGS84
30.018136,-1.574011,RW201000000260,RW,2010.000000,260.000000,RW,RW13,Northern,NULL,NULL,4.000000,North,23.000000,Gicumbi,GPS,U,-1.574011,30.018136,2012.000000,2042.000000,WGS84
29.429881,-2.455755,RW201000000261,RW,2010.000000,261.000000,RW,RW15,Southern,NULL,NULL,2.000000,South,8.000000,Nyamagabe,GPS,R,-2.455755,29.429881,2226.000000,2215.000000,WGS84
29.423007,-2.180477,RW201000000262,RW,2010.000000,262.000000,RW,RW14,Western,NULL,NULL,3.000000,West,12.000000,Karongi,GPS,R,-2.180477,29.423007,2204.000000,2189.000000,WGS84
30.811263,-2.250716,RW201000000263,RW,2010.000000,263.000000,RW,RW11,Eastern,NULL,NULL,5.000000,East,28.000000,Kirehe,GPS,R,-2.250716,30.811263,1363.000000,1361.000000,WGS84
30.035471,-1.936839,RW201000000264,RW,2010.000000,264.000000,RW,RW12,Kigali City,NULL,NULL,1.000000,Kigali City,2.000000,Gasabo,GPS,U,-1.936839,30.035471,1425.000000,1414.000000,WGS84
29.644635,-1.972804,RW201000000265,RW,2010.000000,265.000000,RW,RW14,Western,NULL,NULL,3.000000,West,16.000000,Ngororero,GPS,R,-1.972804,29.644635,1608.000000,1607.000000,WGS84
29.584107,-2.444893,RW201000000266,RW,2010.000000,266.000000,RW,RW15,Southern,NULL,NULL,2.000000,South,8.000000,Nyamagabe,GPS,R,-2.444893,29.584107,1905.000000,1912.000000,WGS84
29.83616,-2.21051,RW201000000267,RW,2010.000000,267.000000,RW,RW15,Southern,NULL,NULL,2.000000,South,9.000000,Ruhango,GPS,R,-2.210510,29.836160,1571.000000,1554.000000,WGS84
29.975852,-2.036767,RW201000000268,RW,2010.000000,268.000000,RW,RW15,Southern,NULL,NULL,2.000000,South,11.000000,Kamonyi,GPS,R,-2.036767,29.975852,1467.000000,1464.000000,WGS84
29.743853,-2.497832,RW201000000269,RW,2010.000000,269.000000,RW,RW15,Southern,NULL,NULL,2.000000,South,7.000000,Huye,GPS,R,-2.497832,29.743853,1767.000000,1772.000000,WGS84
29.772664,-2.578438,RW201000000270,RW,2010.000000,270.000000,RW,RW15,Southern,NULL,NULL,2.000000,South,5.000000,Gisagara,GPS,R,-2.578438,29.772664,1724.000000,1715.000000,WGS84
29.974036,-2.107306,RW201000000271,RW,2010.000000,271.000000,RW,RW15,Southern,NULL,NULL,2.000000,South,11.000000,Kamonyi,GPS,R,-2.107306,29.974036,1519.000000,1513.000000,WGS84
28.954867,-2.414607,RW201000000272,RW,2010.000000,272.000000,RW,RW14,Western,NULL,NULL,3.000000,West,17.000000,Rusizi,GPS,R,-2.414607,28.954867,1575.000000,1574.000000,WGS84
29.534499,-2.11641,RW201000000273,RW,2010.000000,273.000000,RW,RW14,Western,NULL,NULL,3.000000,West,12.000000,Karongi,GPS,R,-2.116410,29.534499,1778.000000,1744.000000,WGS84
30.148021,-1.542048,RW201000000274,RW,2010.000000,274.000000,RW,RW13,Northern,NULL,NULL,4.000000,North,23.000000,Gicumbi,GPS,U,-1.542048,30.148021,2072.000000,2072.000000,WGS84
29.619121,-2.278544,RW201000000275,RW,2010.000000,275.000000,RW,RW15,Southern,NULL,NULL,2.000000,South,4.000000,Nyanza,GPS,R,-2.278544,29.619121,1712.000000,1690.000000,WGS84
30.179611,-2.006624,RW201000000276,RW,2010.000000,276.000000,RW,RW12,Kigali City,NULL,NULL,1.000000,Kigali City,3.000000,Kicukiro,GPS,U,-2.006624,30.179611,1393.000000,1393.000000,WGS84
29.62554,-2.489807,RW201000000277,RW,2010.000000,277.000000,RW,RW15,Southern,NULL,NULL,2.000000,South,7.000000,Huye,GPS,R,-2.489807,29.625540,1734.000000,1735.000000,WGS84
29.789264,-2.523954,RW201000000278,RW,2010.000000,278.000000,RW,RW15,Southern,NULL,NULL,2.000000,South,5.000000,Gisagara,GPS,R,-2.523954,29.789264,1636.000000,1623.000000,WGS84
29.364529,-1.850256,RW201000000279,RW,2010.000000,279.000000,RW,RW14,Western,NULL,NULL,3.000000,West,13.000000,Rutsiro,GPS,R,-1.850256,29.364529,2400.000000,2407.000000,WGS84
29.034794,-2.357578,RW201000000280,RW,2010.000000,280.000000,RW,RW14,Western,NULL,NULL,3.000000,West,18.000000,Nyamasheke,GPS,R,-2.357578,29.034794,1539.000000,1532.000000,WGS84
29.141641,-2.387753,RW201000000281,RW,2010.000000,281.000000,RW,RW14,Western,NULL,NULL,3.000000,West,18.000000,Nyamasheke,GPS,R,-2.387753,29.141641,1728.000000,1712.000000,WGS84
29.717139,-1.407466,RW201000000282,RW,2010.000000,282.000000,RW,RW13,Northern,NULL,NULL,4.000000,North,22.000000,Burera,GPS,R,-1.407466,29.717139,1910.000000,1907.000000,WGS84
30.510362,-2.066574,RW201000000283,RW,2010.000000,283.000000,RW,RW11,Eastern,NULL,NULL,5.000000,East,29.000000,Ngoma,GPS,R,-2.066574,30.510362,1519.000000,1522.000000,WGS84
29.439541,-2.075995,RW201000000284,RW,2010.000000,284.000000,RW,RW14,Western,NULL,NULL,3.000000,West,12.000000,Karongi,GPS,R,-2.075995,29.439541,1852.000000,1850.000000,WGS84
29.453208,-1.920057,RW201000000285,RW,2010.000000,285.000000,RW,RW14,Western,NULL,NULL,3.000000,West,13.000000,Rutsiro,GPS,R,-1.920057,29.453208,2513.000000,2508.000000,WGS84
30.576136,-2.316523,RW201000000286,RW,2010.000000,286.000000,RW,RW11,Eastern,NULL,NULL,5.000000,East,28.000000,Kirehe,GPS,R,-2.316523,30.576136,1497.000000,1502.000000,WGS84
29.404675,-1.967409,RW201000000287,RW,2010.000000,287.000000,RW,RW14,Western,NULL,NULL,3.000000,West,13.000000,Rutsiro,GPS,R,-1.967409,29.404675,2358.000000,2354.000000,WGS84
29.702884,-1.569436,RW201000000288,RW,2010.000000,288.000000,RW,RW13,Northern,NULL,NULL,4.000000,North,20.000000,Gakenke,GPS,R,-1.569436,29.702884,1871.000000,1856.000000,WGS84
30.143684,-1.825845,RW201000000289,RW,2010.000000,289.000000,RW,RW12,Kigali City,NULL,NULL,1.000000,Kigali City,2.000000,Gasabo,GPS,R,-1.825845,30.143684,1680.000000,1688.000000,WGS84
30.342756,-1.879629,RW201000000290,RW,2010.000000,290.000000,RW,RW11,Eastern,NULL,NULL,5.000000,East,24.000000,Rwamagana,GPS,R,-1.879629,30.342756,1583.000000,1581.000000,WGS84
28.903892,-2.438728,RW201000000291,RW,2010.000000,291.000000,RW,RW14,Western,NULL,NULL,3.000000,West,17.000000,Rusizi,GPS,R,-2.438728,28.903892,1601.000000,1603.000000,WGS84
29.610967,-2.217614,RW201000000292,RW,2010.000000,292.000000,RW,RW15,Southern,NULL,NULL,2.000000,South,9.000000,Ruhango,GPS,R,-2.217614,29.610967,1755.000000,1750.000000,WGS84
29.831876,-1.525719,RW201000000293,RW,2010.000000,293.000000,RW,RW13,Northern,NULL,NULL,4.000000,North,22.000000,Burera,GPS,R,-1.525719,29.831876,2032.000000,2018.000000,WGS84
30.485651,-1.895365,RW201000000294,RW,2010.000000,294.000000,RW,RW11,Eastern,NULL,NULL,5.000000,East,27.000000,Kayonza,GPS,R,-1.895365,30.485651,1577.000000,1590.000000,WGS84
29.185491,-2.323776,RW201000000295,RW,2010.000000,295.000000,RW,RW14,Western,NULL,NULL,3.000000,West,18.000000,Nyamasheke,GPS,R,-2.323776,29.185491,1770.000000,1778.000000,WGS84
29.163522,-2.291395,RW201000000296,RW,2010.000000,296.000000,RW,RW14,Western,NULL,NULL,3.000000,West,18.000000,Nyamasheke,GPS,R,-2.291395,29.163522,1503.000000,1504.000000,WGS84
30.200461,-1.995232,RW201000000297,RW,2010.000000,297.000000,RW,RW12,Kigali City,NULL,NULL,1.000000,Kigali City,3.000000,Kicukiro,GPS,U,-1.995232,30.200461,1418.000000,1422.000000,WGS84
30.620858,-2.179344,RW201000000298,RW,2010.000000,298.000000,RW,RW11,Eastern,NULL,NULL,5.000000,East,29.000000,Ngoma,GPS,R,-2.179344,30.620858,1653.000000,1651.000000,WGS84
30.511028,-1.993737,RW201000000299,RW,2010.000000,299.000000,RW,RW11,Eastern,NULL,NULL,5.000000,East,27.000000,Kayonza,GPS,R,-1.993737,30.511028,1497.000000,1496.000000,WGS84
30.218336,-1.319535,RW201000000300,RW,2010.000000,300.000000,RW,RW11,Eastern,NULL,NULL,5.000000,East,25.000000,Nyagatare,GPS,R,-1.319535,30.218336,1428.000000,1439.000000,WGS84
29.84271,-1.81395,RW201000000301,RW,2010.000000,301.000000,RW,RW13,Northern,NULL,NULL,4.000000,North,20.000000,Gakenke,GPS,R,-1.813950,29.842710,1881.000000,1874.000000,WGS84
29.303076,-1.72681,RW201000000302,RW,2010.000000,302.000000,RW,RW14,Western,NULL,NULL,3.000000,West,14.000000,Rubavu,GPS,R,-1.726810,29.303076,1549.000000,1517.000000,WGS84
30.05303,-1.951477,RW201000000303,RW,2010.000000,303.000000,RW,RW12,Kigali City,NULL,NULL,1.000000,Kigali City,1.000000,Nyarugenge,GPS,U,-1.951477,30.053030,1435.000000,1431.000000,WGS84
29.970729,-1.756264,RW201000000304,RW,2010.000000,304.000000,RW,RW13,Northern,NULL,NULL,4.000000,North,19.000000,Rulindo,GPS,R,-1.756264,29.970729,2018.000000,2031.000000,WGS84
30.365968,-2.038559,RW201000000305,RW,2010.000000,305.000000,RW,RW11,Eastern,NULL,NULL,5.000000,East,24.000000,Rwamagana,GPS,R,-2.038559,30.365968,1539.000000,1533.000000,WGS84
29.590006,-1.817948,RW201000000306,RW,2010.000000,306.000000,RW,RW14,Western,NULL,NULL,3.000000,West,16.000000,Ngororero,GPS,R,-1.817948,29.590006,1973.000000,1906.000000,WGS84
29.665067,-1.740335,RW201000000307,RW,2010.000000,307.000000,RW,RW15,Southern,NULL,NULL,2.000000,South,10.000000,Muhanga,GPS,R,-1.740335,29.665067,1625.000000,1645.000000,WGS84
30.103002,-1.91576,RW201000000308,RW,2010.000000,308.000000,RW,RW12,Kigali City,NULL,NULL,1.000000,Kigali City,2.000000,Gasabo,GPS,U,-1.915760,30.103002,1476.000000,1464.000000,WGS84
29.680842,-2.350317,RW201000000309,RW,2010.000000,309.000000,RW,RW15,Southern,NULL,NULL,2.000000,South,4.000000,Nyanza,GPS,U,-2.350317,29.680842,1615.000000,1628.000000,WGS84
30.175814,-1.927927,RW201000000310,RW,2010.000000,310.000000,RW,RW12,Kigali City,NULL,NULL,1.000000,Kigali City,2.000000,Gasabo,GPS,R,-1.927927,30.175814,1459.000000,1449.000000,WGS84
29.916747,-2.330726,RW201000000311,RW,2010.000000,311.000000,RW,RW15,Southern,NULL,NULL,2.000000,South,4.000000,Nyanza,GPS,R,-2.330726,29.916747,1408.000000,1403.000000,WGS84
30.367698,-1.71183,RW201000000312,RW,2010.000000,312.000000,RW,RW11,Eastern,NULL,NULL,5.000000,East,26.000000,Gatsibo,GPS,R,-1.711830,30.367698,1582.000000,1588.000000,WGS84
29.804758,-1.869094,RW201000000313,RW,2010.000000,313.000000,RW,RW15,Southern,NULL,NULL,2.000000,South,10.000000,Muhanga,GPS,R,-1.869094,29.804758,1870.000000,1450.000000,WGS84
29.517243,-1.611658,RW201000000314,RW,2010.000000,314.000000,RW,RW14,Western,NULL,NULL,3.000000,West,15.000000,Nyabihu,GPS,R,-1.611658,29.517243,2265.000000,2257.000000,WGS84
29.758085,-2.51733,RW201000000315,RW,2010.000000,315.000000,RW,RW15,Southern,NULL,NULL,2.000000,South,7.000000,Huye,GPS,R,-2.517330,29.758085,1699.000000,1680.000000,WGS84
29.478823,-2.279316,RW201000000316,RW,2010.000000,316.000000,RW,RW15,Southern,NULL,NULL,2.000000,South,8.000000,Nyamagabe,GPS,R,-2.279316,29.478823,1751.000000,1785.000000,WGS84
29.850538,-2.684591,RW201000000317,RW,2010.000000,317.000000,RW,RW15,Southern,NULL,NULL,2.000000,South,5.000000,Gisagara,GPS,R,-2.684591,29.850538,1618.000000,1621.000000,WGS84
29.527073,-2.69135,RW201000000318,RW,2010.000000,318.000000,RW,RW15,Southern,NULL,NULL,2.000000,South,6.000000,Nyaruguru,GPS,R,-2.691350,29.527073,1915.000000,1908.000000,WGS84
29.886086,-1.999938,RW201000000319,RW,2010.000000,319.000000,RW,RW15,Southern,NULL,NULL,2.000000,South,11.000000,Kamonyi,GPS,R,-1.999938,29.886086,1692.000000,1682.000000,WGS84
29.779928,-2.4814,RW201000000320,RW,2010.000000,320.000000,RW,RW15,Southern,NULL,NULL,2.000000,South,7.000000,Huye,GPS,R,-2.481400,29.779928,1615.000000,1594.000000,WGS84
30.04978,-1.898147,RW201000000321,RW,2010.000000,321.000000,RW,RW12,Kigali City,NULL,NULL,1.000000,Kigali City,2.000000,Gasabo,GPS,R,-1.898147,30.049780,1448.000000,1448.000000,WGS84
29.487905,-1.647931,RW201000000322,RW,2010.000000,322.000000,RW,RW14,Western,NULL,NULL,3.000000,West,15.000000,Nyabihu,GPS,R,-1.647931,29.487905,2409.000000,2378.000000,WGS84
29.454717,-2.543066,RW201000000323,RW,2010.000000,323.000000,RW,RW15,Southern,NULL,NULL,2.000000,South,8.000000,Nyamagabe,GPS,R,-2.543066,29.454717,2227.000000,2210.000000,WGS84
28.941822,-2.404493,RW201000000324,RW,2010.000000,324.000000,RW,RW14,Western,NULL,NULL,3.000000,West,17.000000,Rusizi,GPS,R,-2.404493,28.941822,1532.000000,1513.000000,WGS84
30.046899,-1.547196,RW201000000325,RW,2010.000000,325.000000,RW,RW13,Northern,NULL,NULL,4.000000,North,23.000000,Gicumbi,GPS,R,-1.547196,30.046899,1908.000000,1919.000000,WGS84
29.698213,-1.523984,RW201000000326,RW,2010.000000,326.000000,RW,RW13,Northern,NULL,NULL,4.000000,North,21.000000,Musanze,GPS,R,-1.523984,29.698213,1902.000000,1878.000000,WGS84
30.83127,-2.230972,RW201000000327,RW,2010.000000,327.000000,RW,RW11,Eastern,NULL,NULL,5.000000,East,28.000000,Kirehe,GPS,R,-2.230972,30.831270,1333.000000,1340.000000,WGS84
30.592224,-2.376306,RW201000000328,RW,2010.000000,328.000000,RW,RW11,Eastern,NULL,NULL,5.000000,East,28.000000,Kirehe,GPS,R,-2.376306,30.592224,1644.000000,1647.000000,WGS84
30.074494,-1.920349,RW201000000329,RW,2010.000000,329.000000,RW,RW12,Kigali City,NULL,NULL,1.000000,Kigali City,2.000000,Gasabo,GPS,U,-1.920349,30.074494,1467.000000,1451.000000,WGS84
30.260112,-1.477276,RW201000000330,RW,2010.000000,330.000000,RW,RW11,Eastern,NULL,NULL,5.000000,East,25.000000,Nyagatare,GPS,R,-1.477276,30.260112,1470.000000,1474.000000,WGS84
29.641706,-2.159511,RW201000000331,RW,2010.000000,331.000000,RW,RW15,Southern,NULL,NULL,2.000000,South,9.000000,Ruhango,GPS,R,-2.159511,29.641706,1593.000000,1585.000000,WGS84
29.636262,-1.822141,RW201000000332,RW,2010.000000,332.000000,RW,RW14,Western,NULL,NULL,3.000000,West,16.000000,Ngororero,GPS,R,-1.822141,29.636262,1707.000000,1709.000000,WGS84
29.806688,-1.631954,RW201000000333,RW,2010.000000,333.000000,RW,RW13,Northern,NULL,NULL,4.000000,North,20.000000,Gakenke,GPS,R,-1.631954,29.806688,1872.000000,1821.000000,WGS84
29.419156,-2.035534,RW201000000334,RW,2010.000000,334.000000,RW,RW14,Western,NULL,NULL,3.000000,West,13.000000,Rutsiro,GPS,R,-2.035534,29.419156,2178.000000,2196.000000,WGS84
29.866844,-1.37575,RW201000000335,RW,2010.000000,335.000000,RW,RW13,Northern,NULL,NULL,4.000000,North,22.000000,Burera,GPS,R,-1.375750,29.866844,2164.000000,2155.000000,WGS84
29.777254,-2.350536,RW201000000336,RW,2010.000000,336.000000,RW,RW15,Southern,NULL,NULL,2.000000,South,4.000000,Nyanza,GPS,U,-2.350536,29.777254,1773.000000,1779.000000,WGS84
29.710052,-2.634768,RW201000000337,RW,2010.000000,337.000000,RW,RW15,Southern,NULL,NULL,2.000000,South,7.000000,Huye,GPS,R,-2.634768,29.710052,1770.000000,1776.000000,WGS84
30.328502,-1.728407,RW201000000338,RW,2010.000000,338.000000,RW,RW11,Eastern,NULL,NULL,5.000000,East,26.000000,Gatsibo,GPS,R,-1.728407,30.328502,1673.000000,1680.000000,WGS84
29.013618,-2.593723,RW201000000339,RW,2010.000000,339.000000,RW,RW14,Western,NULL,NULL,3.000000,West,17.000000,Rusizi,GPS,R,-2.593723,29.013618,1072.000000,1064.000000,WGS84
29.892945,-1.929019,RW201000000340,RW,2010.000000,340.000000,RW,RW15,Southern,NULL,NULL,2.000000,South,11.000000,Kamonyi,GPS,R,-1.929019,29.892945,1727.000000,1715.000000,WGS84
29.912656,-1.90769,RW201000000341,RW,2010.000000,341.000000,RW,RW15,Southern,NULL,NULL,2.000000,South,11.000000,Kamonyi,GPS,R,-1.907690,29.912656,1700.000000,1708.000000,WGS84
29.62421,-1.526269,RW201000000342,RW,2010.000000,342.000000,RW,RW13,Northern,NULL,NULL,4.000000,North,21.000000,Musanze,GPS,R,-1.526269,29.624210,1698.000000,1654.000000,WGS84
29.52377,-2.594646,RW201000000343,RW,2010.000000,343.000000,RW,RW15,Southern,NULL,NULL,2.000000,South,6.000000,Nyaruguru,GPS,R,-2.594646,29.523770,2017.000000,1975.000000,WGS84
30.246107,-2.029782,RW201000000344,RW,2010.000000,344.000000,RW,RW11,Eastern,NULL,NULL,5.000000,East,24.000000,Rwamagana,GPS,R,-2.029782,30.246107,1364.000000,1374.000000,WGS84
29.451026,-1.657965,RW201000000345,RW,2010.000000,345.000000,RW,RW14,Western,NULL,NULL,3.000000,West,15.000000,Nyabihu,GPS,R,-1.657965,29.451026,2389.000000,2379.000000,WGS84
29.8202,-1.704489,RW201000000346,RW,2010.000000,346.000000,RW,RW13,Northern,NULL,NULL,4.000000,North,20.000000,Gakenke,GPS,R,-1.704489,29.820200,1798.000000,1811.000000,WGS84
29.456503,-2.330626,RW201000000347,RW,2010.000000,347.000000,RW,RW15,Southern,NULL,NULL,2.000000,South,8.000000,Nyamagabe,GPS,R,-2.330626,29.456503,2081.000000,2075.000000,WGS84
28.933981,-2.573236,RW201000000348,RW,2010.000000,348.000000,RW,RW14,Western,NULL,NULL,3.000000,West,17.000000,Rusizi,GPS,R,-2.573236,28.933981,1663.000000,1690.000000,WGS84
30.304729,-2.124417,RW201000000349,RW,2010.000000,349.000000,RW,RW11,Eastern,NULL,NULL,5.000000,East,29.000000,Ngoma,GPS,R,-2.124417,30.304729,1379.000000,1371.000000,WGS84
29.923061,-1.489671,RW201000000350,RW,2010.000000,350.000000,RW,RW13,Northern,NULL,NULL,4.000000,North,22.000000,Burera,GPS,R,-1.489671,29.923061,2303.000000,2289.000000,WGS84
29.4579,-1.610184,RW201000000351,RW,2010.000000,351.000000,RW,RW14,Western,NULL,NULL,3.000000,West,15.000000,Nyabihu,GPS,R,-1.610184,29.457900,2425.000000,2415.000000,WGS84
29.579655,-2.800865,RW201000000352,RW,2010.000000,352.000000,RW,RW15,Southern,NULL,NULL,2.000000,South,6.000000,Nyaruguru,GPS,R,-2.800865,29.579655,1796.000000,1800.000000,WGS84
29.637055,-2.345122,RW201000000353,RW,2010.000000,353.000000,RW,RW15,Southern,NULL,NULL,2.000000,South,4.000000,Nyanza,GPS,R,-2.345122,29.637055,1819.000000,1777.000000,WGS84
30.139568,-2.202149,RW201000000354,RW,2010.000000,354.000000,RW,RW11,Eastern,NULL,NULL,5.000000,East,30.000000,Bugesera,GPS,R,-2.202149,30.139568,1426.000000,1429.000000,WGS84
30.032885,-1.963772,RW201000000355,RW,2010.000000,355.000000,RW,RW12,Kigali City,NULL,NULL,1.000000,Kigali City,1.000000,Nyarugenge,GPS,U,-1.963772,30.032885,1709.000000,1722.000000,WGS84
29.518657,-1.817924,RW201000000356,RW,2010.000000,356.000000,RW,RW14,Western,NULL,NULL,3.000000,West,16.000000,Ngororero,GPS,R,-1.817924,29.518657,2154.000000,2162.000000,WGS84
29.053524,-2.54094,RW201000000357,RW,2010.000000,357.000000,RW,RW14,Western,NULL,NULL,3.000000,West,17.000000,Rusizi,GPS,R,-2.540940,29.053524,1591.000000,1606.000000,WGS84
29.828331,-2.353186,RW201000000358,RW,2010.000000,358.000000,RW,RW15,Southern,NULL,NULL,2.000000,South,4.000000,Nyanza,GPS,R,-2.353186,29.828331,1601.000000,1592.000000,WGS84
29.426793,-2.052887,RW201000000359,RW,2010.000000,359.000000,RW,RW14,Western,NULL,NULL,3.000000,West,12.000000,Karongi,GPS,U,-2.052887,29.426793,1798.000000,1791.000000,WGS84
29.057529,-2.562947,RW201000000360,RW,2010.000000,360.000000,RW,RW14,Western,NULL,NULL,3.000000,West,17.000000,Rusizi,GPS,R,-2.562947,29.057529,1509.000000,1530.000000,WGS84
29.948877,-1.696857,RW201000000361,RW,2010.000000,361.000000,RW,RW13,Northern,NULL,NULL,4.000000,North,19.000000,Rulindo,GPS,R,-1.696857,29.948877,1877.000000,1900.000000,WGS84
29.396761,-2.356264,RW201000000362,RW,2010.000000,362.000000,RW,RW15,Southern,NULL,NULL,2.000000,South,8.000000,Nyamagabe,GPS,R,-2.356264,29.396761,2311.000000,2286.000000,WGS84
30.441904,-2.138187,RW201000000363,RW,2010.000000,363.000000,RW,RW11,Eastern,NULL,NULL,5.000000,East,29.000000,Ngoma,GPS,R,-2.138187,30.441904,1464.000000,1458.000000,WGS84
30.366392,-1.954886,RW201000000364,RW,2010.000000,364.000000,RW,RW11,Eastern,NULL,NULL,5.000000,East,24.000000,Rwamagana,GPS,R,-1.954886,30.366392,1660.000000,1659.000000,WGS84
29.762236,-2.054273,RW201000000365,RW,2010.000000,365.000000,RW,RW15,Southern,NULL,NULL,2.000000,South,10.000000,Muhanga,GPS,U,-2.054273,29.762236,1852.000000,1852.000000,WGS84
29.821522,-1.922246,RW201000000366,RW,2010.000000,366.000000,RW,RW15,Southern,NULL,NULL,2.000000,South,11.000000,Kamonyi,GPS,R,-1.922246,29.821522,1728.000000,1722.000000,WGS84
29.258739,-2.38806,RW201000000367,RW,2010.000000,367.000000,RW,RW14,Western,NULL,NULL,3.000000,West,18.000000,Nyamasheke,GPS,R,-2.388060,29.258739,1835.000000,1814.000000,WGS84
30.144486,-1.986546,RW201000000368,RW,2010.000000,368.000000,RW,RW12,Kigali City,NULL,NULL,1.000000,Kigali City,3.000000,Kicukiro,GPS,U,-1.986546,30.144486,1472.000000,1484.000000,WGS84
29.375352,-1.805389,RW201000000369,RW,2010.000000,369.000000,RW,RW14,Western,NULL,NULL,3.000000,West,13.000000,Rutsiro,GPS,R,-1.805389,29.375352,2152.000000,2135.000000,WGS84
30.477437,-2.134998,RW201000000370,RW,2010.000000,370.000000,RW,RW11,Eastern,NULL,NULL,5.000000,East,29.000000,Ngoma,GPS,R,-2.134998,30.477437,1506.000000,1484.000000,WGS84
29.902769,-1.668376,RW201000000371,RW,2010.000000,371.000000,RW,RW13,Northern,NULL,NULL,4.000000,North,19.000000,Rulindo,GPS,R,-1.668376,29.902769,2018.000000,1999.000000,WGS84
30.687219,-1.935941,RW201000000372,RW,2010.000000,372.000000,RW,RW11,Eastern,NULL,NULL,5.000000,East,27.000000,Kayonza,GPS,R,-1.935941,30.687219,1550.000000,1563.000000,WGS84
30.183944,-1.980913,RW201000000373,RW,2010.000000,373.000000,RW,RW12,Kigali City,NULL,NULL,1.000000,Kigali City,3.000000,Kicukiro,GPS,U,-1.980913,30.183944,1396.000000,1391.000000,WGS84
29.783921,-1.843207,RW201000000374,RW,2010.000000,374.000000,RW,RW15,Southern,NULL,NULL,2.000000,South,10.000000,Muhanga,GPS,R,-1.843207,29.783921,1517.000000,1491.000000,WGS84
30.043979,-2.003313,RW201000000375,RW,2010.000000,375.000000,RW,RW12,Kigali City,NULL,NULL,1.000000,Kigali City,1.000000,Nyarugenge,GPS,U,-2.003313,30.043979,1536.000000,1522.000000,WGS84
29.957955,-2.450605,RW201000000376,RW,2010.000000,376.000000,RW,RW15,Southern,NULL,NULL,2.000000,South,5.000000,Gisagara,GPS,R,-2.450605,29.957955,1425.000000,1409.000000,WGS84
29.557036,-1.657813,RW201000000377,RW,2010.000000,377.000000,RW,RW14,Western,NULL,NULL,3.000000,West,15.000000,Nyabihu,GPS,R,-1.657813,29.557036,2254.000000,2232.000000,WGS84
29.481978,-1.657729,RW201000000378,RW,2010.000000,378.000000,RW,RW14,Western,NULL,NULL,3.000000,West,15.000000,Nyabihu,GPS,R,-1.657729,29.481978,2367.000000,2377.000000,WGS84
30.358161,-1.799602,RW201000000379,RW,2010.000000,379.000000,RW,RW11,Eastern,NULL,NULL,5.000000,East,26.000000,Gatsibo,GPS,R,-1.799602,30.358161,1657.000000,1658.000000,WGS84
30.324192,-1.992058,RW201000000380,RW,2010.000000,380.000000,RW,RW11,Eastern,NULL,NULL,5.000000,East,24.000000,Rwamagana,GPS,R,-1.992058,30.324192,1617.000000,1621.000000,WGS84
30.0644,-1.921521,RW201000000381,RW,2010.000000,381.000000,RW,RW12,Kigali City,NULL,NULL,1.000000,Kigali City,2.000000,Gasabo,GPS,U,-1.921521,30.064400,1491.000000,1485.000000,WGS84
29.948676,-2.198356,RW201000000382,RW,2010.000000,382.000000,RW,RW15,Southern,NULL,NULL,2.000000,South,9.000000,Ruhango,GPS,R,-2.198356,29.948676,1475.000000,1464.000000,WGS84
30.027391,-1.983305,RW201000000383,RW,2010.000000,383.000000,RW,RW12,Kigali City,NULL,NULL,1.000000,Kigali City,1.000000,Nyarugenge,GPS,U,-1.983305,30.027391,1661.000000,1648.000000,WGS84
29.350226,-1.728739,RW201000000384,RW,2010.000000,384.000000,RW,RW14,Western,NULL,NULL,3.000000,West,14.000000,Rubavu,GPS,R,-1.728739,29.350226,2177.000000,2167.000000,WGS84
30.500769,-2.198063,RW201000000385,RW,2010.000000,385.000000,RW,RW11,Eastern,NULL,NULL,5.000000,East,29.000000,Ngoma,GPS,R,-2.198063,30.500769,1390.000000,1384.000000,WGS84
29.418105,-2.792961,RW201000000386,RW,2010.000000,386.000000,RW,RW15,Southern,NULL,NULL,2.000000,South,6.000000,Nyaruguru,GPS,R,-2.792961,29.418105,2407.000000,2401.000000,WGS84
30.410905,-1.816872,RW201000000387,RW,2010.000000,387.000000,RW,RW11,Eastern,NULL,NULL,5.000000,East,26.000000,Gatsibo,GPS,R,-1.816872,30.410905,1524.000000,1523.000000,WGS84
29.780691,-2.731362,RW201000000388,RW,2010.000000,388.000000,RW,RW15,Southern,NULL,NULL,2.000000,South,5.000000,Gisagara,GPS,R,-2.731362,29.780691,1571.000000,1557.000000,WGS84
29.740053,-2.681601,RW201000000389,RW,2010.000000,389.000000,RW,RW15,Southern,NULL,NULL,2.000000,South,7.000000,Huye,GPS,R,-2.681601,29.740053,1733.000000,1720.000000,WGS84
30.094821,-1.976122,RW201000000390,RW,2010.000000,390.000000,RW,RW12,Kigali City,NULL,NULL,1.000000,Kigali City,3.000000,Kicukiro,GPS,U,-1.976122,30.094821,1426.000000,1433.000000,WGS84
29.44361,-1.570421,RW201000000391,RW,2010.000000,391.000000,RW,RW14,Western,NULL,NULL,3.000000,West,15.000000,Nyabihu,GPS,R,-1.570421,29.443610,2552.000000,2545.000000,WGS84
29.595184,-1.733422,RW201000000392,RW,2010.000000,392.000000,RW,RW14,Western,NULL,NULL,3.000000,West,15.000000,Nyabihu,GPS,R,-1.733422,29.595184,2320.000000,2331.000000,WGS84
29.716773,-2.598745,RW201000000393,RW,2010.000000,393.000000,RW,RW15,Southern,NULL,NULL,2.000000,South,7.000000,Huye,GPS,U,-2.598745,29.716773,1733.000000,1724.000000,WGS84
29.740522,-2.075481,RW201000000394,RW,2010.000000,394.000000,RW,RW15,Southern,NULL,NULL,2.000000,South,10.000000,Muhanga,GPS,U,-2.075481,29.740522,1860.000000,1862.000000,WGS84
29.509372,-1.444471,RW201000000395,RW,2010.000000,395.000000,RW,RW13,Northern,NULL,NULL,4.000000,North,21.000000,Musanze,GPS,R,-1.444471,29.509372,2490.000000,2484.000000,WGS84
30.096497,-2.142409,RW201000000396,RW,2010.000000,396.000000,RW,RW11,Eastern,NULL,NULL,5.000000,East,30.000000,Bugesera,GPS,R,-2.142409,30.096497,1409.000000,1417.000000,WGS84
29.467918,-2.465316,RW201000000397,RW,2010.000000,397.000000,RW,RW15,Southern,NULL,NULL,2.000000,South,8.000000,Nyamagabe,GPS,R,-2.465316,29.467918,2183.000000,2190.000000,WGS84
29.743956,-1.928739,RW201000000398,RW,2010.000000,398.000000,RW,RW15,Southern,NULL,NULL,2.000000,South,10.000000,Muhanga,GPS,R,-1.928739,29.743956,1688.000000,1685.000000,WGS84
30.381223,-1.275019,RW201000000399,RW,2010.000000,399.000000,RW,RW11,Eastern,NULL,NULL,5.000000,East,25.000000,Nyagatare,GPS,R,-1.275019,30.381223,1425.000000,1428.000000,WGS84
29.797733,-1.948766,RW201000000400,RW,2010.000000,400.000000,RW,RW15,Southern,NULL,NULL,2.000000,South,11.000000,Kamonyi,GPS,R,-1.948766,29.797733,1633.000000,1629.000000,WGS84
30.037682,-1.970013,RW201000000401,RW,2010.000000,401.000000,RW,RW12,Kigali City,NULL,NULL,1.000000,Kigali City,1.000000,Nyarugenge,GPS,U,-1.970013,30.037682,1583.000000,1577.000000,WGS84
30.047549,-1.956508,RW201000000402,RW,2010.000000,402.000000,RW,RW12,Kigali City,NULL,NULL,1.000000,Kigali City,1.000000,Nyarugenge,GPS,U,-1.956508,30.047549,1401.000000,1408.000000,WGS84
29.684502,-1.655143,RW201000000403,RW,2010.000000,403.000000,RW,RW13,Northern,NULL,NULL,4.000000,North,20.000000,Gakenke,GPS,R,-1.655143,29.684502,1797.000000,1775.000000,WGS84
29.032055,-2.539896,RW201000000404,RW,2010.000000,404.000000,RW,RW14,Western,NULL,NULL,3.000000,West,18.000000,Nyamasheke,GPS,R,-2.539896,29.032055,1432.000000,1407.000000,WGS84
29.833824,-1.386951,RW201000000405,RW,2010.000000,405.000000,RW,RW13,Northern,NULL,NULL,4.000000,North,22.000000,Burera,GPS,R,-1.386951,29.833824,2084.000000,2074.000000,WGS84
29.002655,-2.695023,RW201000000406,RW,2010.000000,406.000000,RW,RW14,Western,NULL,NULL,3.000000,West,17.000000,Rusizi,GPS,R,-2.695023,29.002655,1622.000000,987.000000,WGS84
29.570432,-1.97753,RW201000000407,RW,2010.000000,407.000000,RW,RW14,Western,NULL,NULL,3.000000,West,16.000000,Ngororero,GPS,R,-1.977530,29.570432,2058.000000,2036.000000,WGS84
29.096091,-2.552635,RW201000000408,RW,2010.000000,408.000000,RW,RW14,Western,NULL,NULL,3.000000,West,17.000000,Rusizi,GPS,R,-2.552635,29.096091,1659.000000,1622.000000,WGS84
29.770131,-2.005244,RW201000000409,RW,2010.000000,409.000000,RW,RW15,Southern,NULL,NULL,2.000000,South,10.000000,Muhanga,GPS,R,-2.005244,29.770131,1824.000000,1821.000000,WGS84
30.046599,-1.805823,RW201000000410,RW,2010.000000,410.000000,RW,RW13,Northern,NULL,NULL,4.000000,North,19.000000,Rulindo,GPS,R,-1.805823,30.046599,1598.000000,1580.000000,WGS84
30.064323,-1.993914,RW201000000411,RW,2010.000000,411.000000,RW,RW12,Kigali City,NULL,NULL,1.000000,Kigali City,3.000000,Kicukiro,GPS,U,-1.993914,30.064323,1508.000000,1509.000000,WGS84
30.375445,-1.948529,RW201000000412,RW,2010.000000,412.000000,RW,RW11,Eastern,NULL,NULL,5.000000,East,24.000000,Rwamagana,GPS,R,-1.948529,30.375445,1587.000000,1588.000000,WGS84
29.603571,-1.528342,RW201000000413,RW,2010.000000,413.000000,RW,RW13,Northern,NULL,NULL,4.000000,North,21.000000,Musanze,GPS,R,-1.528342,29.603571,1738.000000,1735.000000,WGS84
30.32137,-2.1345,RW201000000414,RW,2010.000000,414.000000,RW,RW11,Eastern,NULL,NULL,5.000000,East,29.000000,Ngoma,GPS,R,-2.134500,30.321370,1365.000000,1360.000000,WGS84
29.879609,-1.886756,RW201000000415,RW,2010.000000,415.000000,RW,RW15,Southern,NULL,NULL,2.000000,South,11.000000,Kamonyi,GPS,R,-1.886756,29.879609,1599.000000,1581.000000,WGS84
29.694173,-1.398027,RW201000000416,RW,2010.000000,416.000000,RW,RW13,Northern,NULL,NULL,4.000000,North,22.000000,Burera,GPS,R,-1.398027,29.694173,2204.000000,2192.000000,WGS84
30.048865,-1.945,RW201000000417,RW,2010.000000,417.000000,RW,RW12,Kigali City,NULL,NULL,1.000000,Kigali City,1.000000,Nyarugenge,GPS,U,-1.945000,30.048865,1409.000000,1405.000000,WGS84
29.338515,-1.761856,RW201000000418,RW,2010.000000,418.000000,RW,RW14,Western,NULL,NULL,3.000000,West,13.000000,Rutsiro,GPS,R,-1.761856,29.338515,2005.000000,1983.000000,WGS84
30.063279,-1.944706,RW201000000419,RW,2010.000000,419.000000,RW,RW12,Kigali City,NULL,NULL,1.000000,Kigali City,1.000000,Nyarugenge,GPS,U,-1.944706,30.063279,1391.000000,1398.000000,WGS84
30.045359,-2.057154,RW201000000420,RW,2010.000000,420.000000,RW,RW11,Eastern,NULL,NULL,5.000000,East,30.000000,Bugesera,GPS,R,-2.057154,30.045359,1444.000000,1440.000000,WGS84
30.664806,-2.136239,RW201000000421,RW,2010.000000,421.000000,RW,RW11,Eastern,NULL,NULL,5.000000,East,28.000000,Kirehe,GPS,R,-2.136239,30.664806,1571.000000,1574.000000,WGS84
29.559903,-1.884319,RW201000000422,RW,2010.000000,422.000000,RW,RW14,Western,NULL,NULL,3.000000,West,16.000000,Ngororero,GPS,R,-1.884319,29.559903,2139.000000,2110.000000,WGS84
29.256782,-1.703399,RW201000000423,RW,2010.000000,423.000000,RW,RW14,Western,NULL,NULL,3.000000,West,14.000000,Rubavu,GPS,R,-1.703399,29.256782,1552.000000,1544.000000,WGS84
30.091425,-1.940063,RW201000000424,RW,2010.000000,424.000000,RW,RW12,Kigali City,NULL,NULL,1.000000,Kigali City,2.000000,Gasabo,GPS,U,-1.940063,30.091425,1426.000000,1414.000000,WGS84
29.939349,-2.365815,RW201000000425,RW,2010.000000,425.000000,RW,RW15,Southern,NULL,NULL,2.000000,South,4.000000,Nyanza,GPS,R,-2.365815,29.939349,1466.000000,1460.000000,WGS84
29.779362,-1.48276,RW201000000426,RW,2010.000000,426.000000,RW,RW13,Northern,NULL,NULL,4.000000,North,22.000000,Burera,GPS,R,-1.482760,29.779362,1872.000000,1874.000000,WGS84
29.521851,-1.772094,RW201000000427,RW,2010.000000,427.000000,RW,RW14,Western,NULL,NULL,3.000000,West,16.000000,Ngororero,GPS,R,-1.772094,29.521851,2180.000000,2195.000000,WGS84
29.860149,-2.578385,RW201000000428,RW,2010.000000,428.000000,RW,RW15,Southern,NULL,NULL,2.000000,South,5.000000,Gisagara,GPS,R,-2.578385,29.860149,1669.000000,1673.000000,WGS84
29.698357,-2.280823,RW201000000429,RW,2010.000000,429.000000,RW,RW15,Southern,NULL,NULL,2.000000,South,4.000000,Nyanza,GPS,R,-2.280823,29.698357,1750.000000,1722.000000,WGS84
29.278809,-1.798374,RW201000000430,RW,2010.000000,430.000000,RW,RW14,Western,NULL,NULL,3.000000,West,13.000000,Rutsiro,GPS,R,-1.798374,29.278809,1609.000000,1617.000000,WGS84
29.91315,-1.76192,RW201000000431,RW,2010.000000,431.000000,RW,RW13,Northern,NULL,NULL,4.000000,North,20.000000,Gakenke,GPS,R,-1.761920,29.913150,1786.000000,1784.000000,WGS84
29.553908,-2.223684,RW201000000432,RW,2010.000000,432.000000,RW,RW15,Southern,NULL,NULL,2.000000,South,8.000000,Nyamagabe,GPS,R,-2.223684,29.553908,1725.000000,1713.000000,WGS84
30.496993,-1.784853,RW201000000433,RW,2010.000000,433.000000,RW,RW11,Eastern,NULL,NULL,5.000000,East,27.000000,Kayonza,GPS,R,-1.784853,30.496993,1486.000000,1495.000000,WGS84
29.758143,-2.113522,RW201000000434,RW,2010.000000,434.000000,RW,RW15,Southern,NULL,NULL,2.000000,South,10.000000,Muhanga,GPS,U,-2.113522,29.758143,1844.000000,1840.000000,WGS84
29.948958,-1.671156,RW201000000435,RW,2010.000000,435.000000,RW,RW13,Northern,NULL,NULL,4.000000,North,19.000000,Rulindo,GPS,R,-1.671156,29.948958,1838.000000,1811.000000,WGS84
30.112396,-2.242963,RW201000000436,RW,2010.000000,436.000000,RW,RW11,Eastern,NULL,NULL,5.000000,East,30.000000,Bugesera,GPS,R,-2.242963,30.112396,1414.000000,1419.000000,WGS84
30.015236,-2.296489,RW201000000437,RW,2010.000000,437.000000,RW,RW11,Eastern,NULL,NULL,5.000000,East,30.000000,Bugesera,GPS,R,-2.296489,30.015236,1481.000000,1486.000000,WGS84
29.663135,-1.520894,RW201000000438,RW,2010.000000,438.000000,RW,RW13,Northern,NULL,NULL,4.000000,North,21.000000,Musanze,GPS,U,-1.520894,29.663135,1699.000000,1695.000000,WGS84
30.423228,-1.946122,RW201000000439,RW,2010.000000,439.000000,RW,RW11,Eastern,NULL,NULL,5.000000,East,24.000000,Rwamagana,GPS,R,-1.946122,30.423228,1537.000000,1531.000000,WGS84
29.914014,-2.015934,RW201000000440,RW,2010.000000,440.000000,RW,RW15,Southern,NULL,NULL,2.000000,South,11.000000,Kamonyi,GPS,R,-2.015934,29.914014,1696.000000,1677.000000,WGS84
29.882843,-1.616108,RW201000000441,RW,2010.000000,441.000000,RW,RW13,Northern,NULL,NULL,4.000000,North,19.000000,Rulindo,GPS,R,-1.616108,29.882843,1876.000000,1873.000000,WGS84
29.320772,-1.815346,RW201000000442,RW,2010.000000,442.000000,RW,RW14,Western,NULL,NULL,3.000000,West,13.000000,Rutsiro,GPS,R,-1.815346,29.320772,2089.000000,2090.000000,WGS84
30.118024,-1.962997,RW201000000443,RW,2010.000000,443.000000,RW,RW12,Kigali City,NULL,NULL,1.000000,Kigali City,3.000000,Kicukiro,GPS,U,-1.962997,30.118024,1442.000000,1452.000000,WGS84
29.472792,-1.59213,RW201000000444,RW,2010.000000,444.000000,RW,RW14,Western,NULL,NULL,3.000000,West,15.000000,Nyabihu,GPS,R,-1.592130,29.472792,2640.000000,2635.000000,WGS84
29.767421,-1.633816,RW201000000445,RW,2010.000000,445.000000,RW,RW13,Northern,NULL,NULL,4.000000,North,20.000000,Gakenke,GPS,R,-1.633816,29.767421,2182.000000,2150.000000,WGS84
29.686877,-2.256404,RW201000000446,RW,2010.000000,446.000000,RW,RW15,Southern,NULL,NULL,2.000000,South,9.000000,Ruhango,GPS,R,-2.256404,29.686877,1746.000000,1735.000000,WGS84
29.62412,-1.433624,RW201000000447,RW,2010.000000,447.000000,RW,RW13,Northern,NULL,NULL,4.000000,North,21.000000,Musanze,GPS,R,-1.433624,29.624120,2218.000000,2215.000000,WGS84
29.949778,-1.607969,RW201000000448,RW,2010.000000,448.000000,RW,RW13,Northern,NULL,NULL,4.000000,North,19.000000,Rulindo,GPS,R,-1.607969,29.949778,1852.000000,1855.000000,WGS84
29.609929,-1.784873,RW201000000449,RW,2010.000000,449.000000,RW,RW14,Western,NULL,NULL,3.000000,West,16.000000,Ngororero,GPS,R,-1.784873,29.609929,1867.000000,1875.000000,WGS84
29.375018,-1.597075,RW201000000450,RW,2010.000000,450.000000,RW,RW14,Western,NULL,NULL,3.000000,West,14.000000,Rubavu,GPS,R,-1.597075,29.375018,2362.000000,2357.000000,WGS84
29.1907,-2.237258,RW201000000451,RW,2010.000000,451.000000,RW,RW14,Western,NULL,NULL,3.000000,West,18.000000,Nyamasheke,GPS,R,-2.237258,29.190700,1548.000000,9999.000000,WGS84
29.37916,-1.920579,RW201000000452,RW,2010.000000,452.000000,RW,RW14,Western,NULL,NULL,3.000000,West,13.000000,Rutsiro,GPS,R,-1.920579,29.379160,1826.000000,1826.000000,WGS84
30.070285,-1.649106,RW201000000453,RW,2010.000000,453.000000,RW,RW13,Northern,NULL,NULL,4.000000,North,19.000000,Rulindo,GPS,R,-1.649106,30.070285,1968.000000,1940.000000,WGS84
30.248538,-1.536608,RW201000000454,RW,2010.000000,454.000000,RW,RW11,Eastern,NULL,NULL,5.000000,East,26.000000,Gatsibo,GPS,R,-1.536608,30.248538,1526.000000,1555.000000,WGS84
28.981013,-2.39019,RW201000000455,RW,2010.000000,455.000000,RW,RW14,Western,NULL,NULL,3.000000,West,18.000000,Nyamasheke,GPS,R,-2.390190,28.981013,1593.000000,1592.000000,WGS84
29.94159,-1.786748,RW201000000456,RW,2010.000000,456.000000,RW,RW13,Northern,NULL,NULL,4.000000,North,19.000000,Rulindo,GPS,R,-1.786748,29.941590,1612.000000,1621.000000,WGS84
29.920405,-1.64012,RW201000000457,RW,2010.000000,457.000000,RW,RW13,Northern,NULL,NULL,4.000000,North,19.000000,Rulindo,GPS,R,-1.640120,29.920405,2039.000000,2046.000000,WGS84
30.23213,-2.129858,RW201000000458,RW,2010.000000,458.000000,RW,RW11,Eastern,NULL,NULL,5.000000,East,30.000000,Bugesera,GPS,R,-2.129858,30.232130,1430.000000,1433.000000,WGS84
30.266767,-1.951422,RW201000000459,RW,2010.000000,459.000000,RW,RW11,Eastern,NULL,NULL,5.000000,East,24.000000,Rwamagana,GPS,R,-1.951422,30.266767,1399.000000,1403.000000,WGS84
30.037816,-1.962138,RW201000000460,RW,2010.000000,460.000000,RW,RW12,Kigali City,NULL,NULL,1.000000,Kigali City,1.000000,Nyarugenge,GPS,U,-1.962138,30.037816,1477.000000,1454.000000,WGS84
30.041413,-1.975932,RW201000000461,RW,2010.000000,461.000000,RW,RW12,Kigali City,NULL,NULL,1.000000,Kigali City,1.000000,Nyarugenge,GPS,U,-1.975932,30.041413,1532.000000,1533.000000,WGS84
29.81228,-2.682618,RW201000000462,RW,2010.000000,462.000000,RW,RW15,Southern,NULL,NULL,2.000000,South,5.000000,Gisagara,GPS,R,-2.682618,29.812280,1680.000000,1683.000000,WGS84
29.392258,-2.187308,RW201000000463,RW,2010.000000,463.000000,RW,RW14,Western,NULL,NULL,3.000000,West,12.000000,Karongi,GPS,R,-2.187308,29.392258,2390.000000,2374.000000,WGS84
30.05054,-1.853775,RW201000000464,RW,2010.000000,464.000000,RW,RW12,Kigali City,NULL,NULL,1.000000,Kigali City,2.000000,Gasabo,GPS,R,-1.853775,30.050540,1566.000000,1580.000000,WGS84
29.587154,-2.075093,RW201000000465,RW,2010.000000,465.000000,RW,RW14,Western,NULL,NULL,3.000000,West,12.000000,Karongi,GPS,R,-2.075093,29.587154,1776.000000,1761.000000,WGS84
30.60644,-1.964067,RW201000000466,RW,2010.000000,466.000000,RW,RW11,Eastern,NULL,NULL,5.000000,East,27.000000,Kayonza,GPS,R,-1.964067,30.606440,1388.000000,1395.000000,WGS84
30.51851,-2.203129,RW201000000467,RW,2010.000000,467.000000,RW,RW11,Eastern,NULL,NULL,5.000000,East,29.000000,Ngoma,GPS,U,-2.203129,30.518510,1592.000000,1638.000000,WGS84
29.547916,-2.433123,RW201000000468,RW,2010.000000,468.000000,RW,RW15,Southern,NULL,NULL,2.000000,South,8.000000,Nyamagabe,GPS,R,-2.433123,29.547916,1900.000000,1886.000000,WGS84
29.337824,-1.658179,RW201000000469,RW,2010.000000,469.000000,RW,RW14,Western,NULL,NULL,3.000000,West,14.000000,Rubavu,GPS,R,-1.658179,29.337824,2167.000000,2161.000000,WGS84
29.546921,-2.709279,RW201000000470,RW,2010.000000,470.000000,RW,RW15,Southern,NULL,NULL,2.000000,South,6.000000,Nyaruguru,GPS,R,-2.709279,29.546921,1915.000000,1908.000000,WGS84
29.641229,-2.461804,RW201000000471,RW,2010.000000,471.000000,RW,RW15,Southern,NULL,NULL,2.000000,South,7.000000,Huye,GPS,R,-2.461804,29.641229,1735.000000,1735.000000,WGS84
30.738608,-2.09527,RW201000000472,RW,2010.000000,472.000000,RW,RW11,Eastern,NULL,NULL,5.000000,East,28.000000,Kirehe,GPS,R,-2.095270,30.738608,1347.000000,1347.000000,WGS84
29.842916,-2.425081,RW201000000473,RW,2010.000000,473.000000,RW,RW15,Southern,NULL,NULL,2.000000,South,4.000000,Nyanza,GPS,R,-2.425081,29.842916,1558.000000,1556.000000,WGS84
29.801989,-2.026905,RW201000000474,RW,2010.000000,474.000000,RW,RW15,Southern,NULL,NULL,2.000000,South,11.000000,Kamonyi,GPS,R,-2.026905,29.801989,1829.000000,1803.000000,WGS84
29.745352,-1.584633,RW201000000475,RW,2010.000000,475.000000,RW,RW13,Northern,NULL,NULL,4.000000,North,21.000000,Musanze,GPS,R,-1.584633,29.745352,1979.000000,1927.000000,WGS84
29.67574,-1.430599,RW201000000476,RW,2010.000000,476.000000,RW,RW13,Northern,NULL,NULL,4.000000,North,22.000000,Burera,GPS,R,-1.430599,29.675740,2112.000000,2107.000000,WGS84
30.141162,-1.95007,RW201000000477,RW,2010.000000,477.000000,RW,RW12,Kigali City,NULL,NULL,1.000000,Kigali City,2.000000,Gasabo,GPS,R,-1.950070,30.141162,1438.000000,1445.000000,WGS84
30.080022,-2.312788,RW201000000478,RW,2010.000000,478.000000,RW,RW11,Eastern,NULL,NULL,5.000000,East,30.000000,Bugesera,GPS,R,-2.312788,30.080022,1498.000000,1506.000000,WGS84
29.842978,-2.599329,RW201000000479,RW,2010.000000,479.000000,RW,RW15,Southern,NULL,NULL,2.000000,South,5.000000,Gisagara,GPS,R,-2.599329,29.842978,1581.000000,1573.000000,WGS84
29.608849,-1.467539,RW201000000480,RW,2010.000000,480.000000,RW,RW13,Northern,NULL,NULL,4.000000,North,21.000000,Musanze,GPS,R,-1.467539,29.608849,2164.000000,2160.000000,WGS84
30.140415,-1.979686,RW201000000481,RW,2010.000000,481.000000,RW,RW12,Kigali City,NULL,NULL,1.000000,Kigali City,3.000000,Kicukiro,GPS,U,-1.979686,30.140415,1411.000000,1407.000000,WGS84
30.366519,-1.744176,RW201000000482,RW,2010.000000,482.000000,RW,RW11,Eastern,NULL,NULL,5.000000,East,26.000000,Gatsibo,GPS,R,-1.744176,30.366519,1566.000000,1555.000000,WGS84
30.307225,-1.643778,RW201000000483,RW,2010.000000,483.000000,RW,RW11,Eastern,NULL,NULL,5.000000,East,26.000000,Gatsibo,GPS,R,-1.643778,30.307225,1520.000000,1520.000000,WGS84
30.291257,-1.688078,RW201000000484,RW,2010.000000,484.000000,RW,RW11,Eastern,NULL,NULL,5.000000,East,26.000000,Gatsibo,GPS,R,-1.688078,30.291257,1670.000000,1642.000000,WGS84
30.699,-2.343529,RW201000000485,RW,2010.000000,485.000000,RW,RW11,Eastern,NULL,NULL,5.000000,East,28.000000,Kirehe,GPS,R,-2.343529,30.699000,1370.000000,1367.000000,WGS84
30.288211,-2.336048,RW201000000486,RW,2010.000000,486.000000,RW,RW11,Eastern,NULL,NULL,5.000000,East,30.000000,Bugesera,GPS,R,-2.336048,30.288211,1423.000000,1425.000000,WGS84
29.405355,-2.084839,RW201000000487,RW,2010.000000,487.000000,RW,RW14,Western,NULL,NULL,3.000000,West,12.000000,Karongi,GPS,R,-2.084839,29.405355,1786.000000,1763.000000,WGS84
29.451722,-2.389778,RW201000000488,RW,2010.000000,488.000000,RW,RW15,Southern,NULL,NULL,2.000000,South,8.000000,Nyamagabe,GPS,R,-2.389778,29.451722,2111.000000,2083.000000,WGS84
30.348895,-2.144317,RW201000000489,RW,2010.000000,489.000000,RW,RW11,Eastern,NULL,NULL,5.000000,East,29.000000,Ngoma,GPS,R,-2.144317,30.348895,1387.000000,1392.000000,WGS84
30.441541,-1.96783,RW201000000490,RW,2010.000000,490.000000,RW,RW11,Eastern,NULL,NULL,5.000000,East,24.000000,Rwamagana,GPS,U,-1.967830,30.441541,1506.000000,1504.000000,WGS84
30.063765,-1.441294,RW201000000491,RW,2010.000000,491.000000,RW,RW13,Northern,NULL,NULL,4.000000,North,23.000000,Gicumbi,GPS,R,-1.441294,30.063765,1883.000000,1880.000000,WGS84
29.694921,-2.019624,RW201000000492,RW,2010.000000,492.000000,RW,RW15,Southern,NULL,NULL,2.000000,South,10.000000,Muhanga,GPS,R,-2.019624,29.694921,1831.000000,1831.000000,WGS84
